Workbook

Sheet Seguimiento entrevistas
C1: Nota: El contacto deberá iniciarse con al menos 2 semanas de anticipación
C2: Leyenda: | E2: Actor que ya participó en algúna actividad
E3: Actor que será contactado por parte de APOYO
E4: Contacto brindado por otro actor
C5: # | D5: Nombre | E5: Institución | F5: Alcance (nivel nacional o distrito judicial) | G5: Actividad piloto | H5: ¿Asistió? | I5: Categoría | J5: Tipo | K5: Subtipo | L5: Actividad campo | M5: ¿Asistió? | N5: Contacto personal | O5: Contacto de institución (mesa de partes) | P5: Estrategia de acercamiento | Q5: Requiere Oficio | R5: Encargado | S5: ¿Envío de oficio? | T5: ¿Contactado? | U5: Estado | V5: Fecha de primer contacto | W5: Fecha de segundo contacto | X5: Fecha de tercer contacto | Y5: Fecha propuesta | Z5: Fecha de inicio de actividad | AA5: Fecha de fin de actividad | AB5: Modalidad | AC5: Duración total (min) | AD5: Comentarios /Observaciones IJM
B6: Nacional | C6: 1 | D6: Guadalupe Hinojosa Valencia | E6: Paz y esperanza | F6: Distrito Judicial: Cusco | G6: N/A | H6: N/A | I6: Expertos en la temática | J6: Fin principal relacionado con temas del estudio | K6: No aplica | L6: Entrevista de actores clave | N6: - Correo: aspazes@pazyesperanza.org - Tlf: +51 965789056 - Dirección: Jr. Pachacutec 980 Jesús María Lima 11, Perú | O6: No aplica | P6: - Enviar oficio formal - Confirmar recepción del oficio - Dar seguimiento telefónico | Q6: Sí | R6: IJM | T6: Sí | U6: Realizada completa | V6: 4/8/2026 | W6: 6/11/2026 | Y6: 6/15/2026 | Z6: 15-Jun | AA6: 15-Jun | AB6: A distancia asistido | AC6: 84 | AD6: Se encuentra en Italia, y estará revisando al agenda disponible por la diferencia de horas./ Definió la Agenda. | AE6: 1
B7: Nacional | C7: 2 | D7: Isabel López Meza | E7: Paz y esperanza | F7: Nacional | G7: N/A | H7: N/A | I7: Expertos en la temática | J7: Fin principal relacionado con temas del estudio | K7: No aplica | L7: Entrevista de actores clave | N7: - Correo: aspazes@pazyesperanza.org - Tlf: +51 965789056 - Dirección: Jr. Pachacutec 980 Jesús María Lima 11, Perú | O7: No aplica | P7: - Enviar oficio formal - Confirmar recepción del oficio - Dar seguimiento telefónico | Q7: Sí | R7: IJM | T7: No | U7: No válida | AD7: No será entrevistada. Será remplazada por Esley Nieto de Paz y Esperanza | AE7: 1
B8: Nacional | C8: 3 | D8: Víctor García | E8: Plan International | F8: Nacional | G8: N/A | H8: N/A | I8: Expertos en la temática | J8: Fin principal relacionado con temas del estudio | K8: No aplica | L8: Entrevista de actores clave | N8: - Dirección: Av. Juan de Arona, N° 755, Piso 9, San Isidro - Correo: informes.peru@plan-international.org | O8: No aplica | P8: - Enviar oficio formal - Confirmar recepción del oficio - Dar seguimiento telefónico | Q8: Sí | R8: IJM | S8: Sí | T8: Sí | U8: Sin respuesta | V8: 5/5/2026 | W8: 6/11/2026 | AD8: Reiterar mensaje | AE8: 1
B9: Nacional | C9: 4 | D9: Marlene Molero Suárez | E9: Care Perú | F9: Nacional | G9: N/A | H9: N/A | I9: Expertos en la temática | J9: Fin principal relacionado con temas del estudio | K9: No aplica | L9: Entrevista de actores clave | N9: - Tlf: +51 (01) 6409393 - Correo: central@care.org.pe/<marlene.molero@elsa.la> -Dirección: Calle Amador Merino Reyna 267, piso 9, oficina 901, San Isidro. Lima – Perú | O9: No aplica | P9: - Enviar oficio formal - Confirmar recepción del oficio - Dar seguimiento telefónico | Q9: Sí | R9: IJM | T9: No | V9: 3/19/2026 | AD9: Volver a llamar | AE9: 0
B10: Nacional | C10: 5 | D10: Marilú Martens Cortés | E10: Care Perú | F10: Nacional | G10: N/A | H10: N/A | I10: Expertos en la temática | J10: Fin principal relacionado con temas del estudio | K10: No aplica | L10: Entrevista de actores clave | N10: - Tlf: +51 (01) 6409393 - Correo: central@care.org.pe -Dirección: Calle Amador Merino Reyna 267, piso 9, oficina 901, San Isidro. Lima – Perú | O10: No aplica | P10: - Enviar oficio formal - Confirmar recepción del oficio - Dar seguimiento telefónico | Q10: Sí | R10: IJM | T10: Sí | U10: Sin respuesta | V10: 3/19/2026 | AD10: Volver a llamar | AE10: 1
B11: Nacional | C11: 6 | D11: Rafael Casas | E11: Aldeas Infantiles SOS | F11: Nacional | G11: N/A | H11: N/A | I11: Expertos en la temática | J11: Fin principal relacionado con temas del estudio | K11: No aplica | L11: Entrevista de actores clave | N11: - Tlf. +51 (01) 200-7800 - Dirección: Calle Ricardo Angulo 744. Urb. Córpac - San Isidro. -Correo: empresas.amigas@aldeasinfantiles.org.pe | O11: No aplica | P11: - Enviar oficio formal - Confirmar recepción del oficio - Dar seguimiento telefónico | Q11: Sí | R11: IJM | T11: Sí | U11: Realizada completa | V11: 3/19/2026 | W11: 3/23/2026 | Z11: 8-May | AA11: 8-May | AB11: A distancia asistido | AC11: 45 | AE11: 1
B12: Nacional | C12: 7 | D12: Sonia Gleci Frisancho Pacheco | E12: Aldeas Infantiles SOS | F12: Nacional | G12: N/A | H12: N/A | I12: Expertos en la temática | J12: Fin principal relacionado con temas del estudio | K12: No aplica | L12: Entrevista de actores clave | N12: - Tlf. +51 (01) 200-7800 - Dirección: Calle Ricardo Angulo 744. Urb. Córpac - San Isidro. -Correo: empresas.amigas@aldeasinfantiles.org.pe | O12: No aplica | P12: - Enviar oficio formal - Confirmar recepción del oficio - Dar seguimiento telefónico | Q12: Sí | R12: IJM | T12: No | V12: 3/19/2026 | AD12: Volver a llamar | AE12: 0
B13: Nacional | C13: 8 | D13: Alejandra Saffon | E13: Organización para la Cooperación y el Desarrollo Económico | F13: Nacional | G13: N/A | H13: N/A | I13: Expertos en la temática | J13: Fin principal relacionado con temas del estudio | K13: No aplica | L13: Entrevista de actores clave | N13: https://www.linkedin.com/in/alejandra-saffon-26761671/?originalSubdomain=co/ 928974196 | O13: No aplica | P13: - Enviar oficio formal - Confirmar recepción del oficio | Q13: Sí | R13: IJM | T13: No | V13: 3/23/2026 | AD13: 928974196 Cel de inter no contestó | AE13: 0
B14: Nacional | C14: 9 | D14: Elena Portilla Odlianitskaya | E14: Organización para la Cooperación y el Desarrollo Económico | F14: Nacional | G14: N/A | H14: N/A | I14: Expertos en la temática | J14: Fin principal relacionado con temas del estudio | K14: No aplica | L14: Entrevista de actores clave | N14: https://www.linkedin.com/in/elena-portilla-odlianitskaya/ | O14: No aplica | P14: - Enviar oficio formal - Confirmar recepción del oficio | Q14: Sí | R14: IJM | T14: No | AE14: 0
B15: Nacional | C15: 10 | D15: Alejandra Alayza | E15: Oxfam | F15: Nacional | G15: N/A | H15: N/A | I15: Expertos en la temática | J15: Fin principal relacionado con temas del estudio | K15: No aplica | L15: Entrevista de actores clave | N15: alejandra.alayza@oxfam.org '+51 984753054 | O15: No aplica | P15: - Enviar oficio formal - Confirmar recepción del oficio | Q15: Sí | R15: IJM | T15: No | AE15: 0
B16: Nacional | C16: 11 | D16: Miguel Lévano | E16: Oxfam | F16: Nacional | G16: N/A | H16: N/A | I16: Expertos en la temática | J16: Fin principal relacionado con temas del estudio | K16: No aplica | L16: Entrevista de actores clave | N16: miguel.levano@oxfam.org | O16: No aplica | P16: - Enviar oficio formal - Confirmar recepción del oficio | Q16: Sí | R16: IJM | T16: No | AE16: 0
B17: Distrito Judicial: Ucayali | C17: 12 | D17: Esteban Caballero | E17: UNFPA | F17: Distrito Judicial: Ucayali | G17: N/A | H17: N/A | I17: Expertos en la temática | J17: Fin principal relacionado con temas del estudio | K17: No aplica | L17: Entrevista de actores clave | N17: caballero@unfpa.org.pe | O17: No aplica | P17: - Enviar oficio formal - Confirmar recepción del oficio - Dar seguimiento telefónico | Q17: Sí | R17: IJM | T17: No | V17: 3/23/2026 | AD17: No contesta y desde el fijo se corta. Enviar correo | AE17: 0
B18: Nacional | C18: 13 | D18: Hugo González Coltrinari | E18: UNFPA | F18: Nacional | G18: N/A | H18: N/A | I18: Expertos en la temática | J18: Fin principal relacionado con temas del estudio | K18: No aplica | L18: Entrevista de actores clave | N18: gonzalez@unfpa.org | O18: No aplica | P18: - Enviar oficio formal - Confirmar recepción del oficio - Dar seguimiento telefónico | Q18: Sí | R18: IJM | T18: No | AE18: 0
B19: Nacional | C19: 14 | D19: Tomás Lopes-Teixeira | E19: Banco Interamericano de Desarrollo | F19: Nacional | G19: N/A | H19: N/A | I19: Expertos en la temática | J19: Fin principal relacionado con temas del estudio | K19: No aplica | L19: Entrevista de actores clave | N19: (51-1) 215-7800 BIDPeru@iadb.orgv | O19: No aplica | P19: - Enviar oficio formal - Confirmar recepción del oficio - Dar seguimiento telefónico | Q19: Sí | R19: IJM | T19: No | V19: 3/23/2026 | AD19: Contesta la operadora. Enviar correo | AE19: 0
B20: Distrito Judicial: Apurímac | C20: 15 | D20: Issam Abousleiman | E20: World Bank | F20: Distrito Judicial: Apurímac | G20: N/A | H20: N/A | I20: Expertos en la temática | J20: Fin principal relacionado con temas del estudio | K20: No aplica | L20: Entrevista de actores clave | N20: +51 1 622-2300 | O20: No aplica | P20: - Convocar mediante llamada | Q20: No | R20: IJM | T20: No | AE20: 0
B21: Nacional | C21: 16 | D21: Carlos Jesús Vilela | E21: Jurado Nacional de Elecciones | F21: Distrito Judicial: Lima | G21: N/A | H21: N/A | I21: Funcionarios del Sistema | J21: Instituciones públicas | K21: MIMP | L21: Entrevista de actores clave | N21: +51 966662278 | O21: cvilela@jne.gob.pe | P21: - Enviar oficio formal - Confirmar recepción del oficio - Dar seguimiento telefónico a través del punto focal identificado -Confirmar participación | Q21: Sí | R21: IJM | T21: Sí | U21: Sin respuesta | V21: 3/20/2026 | W21: 4/10/2026 | AD21: Mensaje vía whatsApp. Contestó; se le mencionó hora y fecha, esperando respuesta. Se volvio a enviar mensaje el 08/05/26 | AE21: 1
B22: Distrito Judicial: Loreto | C22: 17 | D22: Mónica Mendez Cabezas | E22: Ministerio de la Mujer | F22: Distrito Judicial: Loreto | G22: N/A | H22: N/A | I22: Funcionarios del Sistema | J22: Instituciones públicas | K22: MIMP | L22: Entrevista de actores clave | N22: +(01) 626 1600 Anexo 7170 mmendez@mimp.gob.pe | O22: mesadepartesdigital@mimp.gob.pe. | P22: - Enviar oficio formal - Confirmar recepción del oficio - Dar seguimiento telefónico a través del punto focal identificado -Confirmar participación | Q22: Sí | R22: IJM | T22: Sí | U22: Sin respuesta | V22: 5/5/2026 | AE22: 1
B23: Distrito Judicial: Ayacucho | C23: 18 | D23: Kenny Jorge Perez Diaz | E23: Ministerio de la Mujer | F23: Distrito Judicial: Ayacucho | G23: N/A | H23: N/A | I23: Funcionarios del Sistema | J23: Instituciones públicas | K23: MIMP | L23: Entrevista de actores clave | N23: +51 (01) 6261600 kperez@mimp.gob.pe | O23: mesadepartesdigital@mimp.gob.pe. | P23: - Enviar oficio formal - Confirmar recepción del oficio - Dar seguimiento telefónico a través del punto focal identificado -Confirmar participación | Q23: Sí | R23: IJM | T23: Sí | U23: Sin respuesta | V23: 4/14/2026 | AD23: por 06 días en diferentes fechas se ha intentado coordinar pero no se concreta, dice que si y luego no responde. | AE23: 1
B24: Distrito Judicial: Ayacucho | C24: 19 | D24: Laura Esther Agama Fernández | E24: Ministerio de la Mujer | F24: Distrito Judicial: Ayacucho | G24: N/A | H24: N/A | I24: Funcionarios del Sistema | J24: Instituciones públicas | K24: MIMP | L24: Entrevista de actores clave | N24: 01- 4197260 / Anexo 3602 lagama@aurora.gob.pe | O24: mesadepartesdigital@mimp.gob.pe. | P24: - Enviar oficio formal - Confirmar recepción del oficio - Dar seguimiento telefónico a través del punto focal identificado -Confirmar participación | Q24: Sí | R24: IJM | S24: Sí | T24: Sí | U24: Sin respuesta | V24: 5/5/2026 | AE24: 1
B25: Distrito Judicial: Huánuco | C25: 20 | D25: Doris Godoy Cortez | E25: Psicólogos | F25: Distrito Judicial: Huánuco | G25: N/A | H25: N/A | I25: Acompañantes | J25: ONGs | K25: No aplica | L25: Entrevista de actores clave | N25: +51 962960076 dgodoy@pazyesperanza.org | O25: No aplica | P25: - Enviar correos con convocatoria - Dar seguimiento telefónico | Q25: No | R25: IJM | T25: Sí | U25: Realizada completa | V25: 3/20/2026 | Z25: 31-Mar | AA25: 31-Mar | AB25: A distancia asistido | AC25: 60 | AD25: Mensaje vía whatsapp. Aceptó entrevista | AE25: 1
B26: Distrito Judicial: Ucayali | C26: 21 | D26: Rosa Peña | E26: ONG: Kids Alive | F26: Distrito Judicial: Ucayali | G26: N/A | H26: N/A | I26: Actores locales | J26: ONGs | K26: Foco en derechos de la niñez | L26: Entrevista de actores clave | N26: +51 914777004 | O26: No aplica | P26: - Convocar mediante llamada | Q26: No | R26: IJM | T26: Sí | U26: Realizada completa | V26: 3/23/2026 | Y26: 3/24/2026 | Z26: 24-Mar | AA26: 24-Mar | AB26: A distancia asistido | AC26: 42 | AD26: Aceptó entrevista. | AE26: 1
B27: Nacional | C27: 22 | D27: Angie Vargas | E27: ONG: Movimiento Manuela Ramos | F27: Distrito Judicial: Lima Este | G27: N/A | H27: No | I27: Actores locales | J27: ONGs | K27: Foco en derechos sexuales / reproductivos | L27: Entrevista de actores clave | N27: 968 072 723 linkedin.com/in/angie-rosmery-vargas-sacsahuillca-782694225 postmast@manuela.org.pe | O27: No aplica | P27: - Enviar correos con convocatoria - Dar seguimiento telefónico | Q27: No | R27: IJM | T27: Sí | U27: En coordinación | V27: 3/23/2026 | W27: 3/24/2026 | AD27: Me piden enviar invitación formal a nombre de Rocio Gutierrez directora | AE27: 1
B28: Distrito Judicial: Apurímac | C28: 23 | D28: Jharith Mogollón Villafuerte | E28: Asociación Pro Derechos Humanos (APRODEH) | F28: Distrito Judicial: Apurímac | G28: N/A | H28: N/A | I28: Acompañantes | J28: ONGs | K28: No aplica | L28: Entrevista de actores clave | N28: - Tlf. (01) 424-7057, 431-0482 - Dirección: Jr. Pachacútec 980 – Jesús María - Correo:postmast@aprodeh.org.pe | O28: No aplica | P28: - Enviar correos con convocatoria - Dar seguimiento telefónico | Q28: Sí | R28: IJM | T28: Sí | U28: Sin respuesta | V28: 3/23/2026 | W28: 5/5/2026 | AD28: se envio oficio por mesa de partes digital | AE28: 1
B29: Nacional | C29: 24 | D29: Rossina Guerrero | E29: Promoción y Defensa de los Derechos Sexuales y Reproductivos (PROMSEX) | F29: Nacional | G29: N/A | H29: N/A | I29: Actores locales | J29: ONGs | K29: Foco en derechos sexuales / reproductivos | L29: Entrevista de actores clave | N29: - Tlf: +51 (01) 4478668 - Dirección: Av. José Pardo 601 Oficina 604, Miraflores, Case Miraflores, Peru postmast@promdsr.org | O29: No aplica | P29: - Enviar correos con convocatoria - Dar seguimiento telefónico | Q29: No | R29: IJM | T29: Sí | U29: Sin respuesta | V29: 3/23/2026 | AD29: Enviar oficio; el teléfono fijo se corta. | AE29: 1
B30: Distrito Judicial: Apurímac | C30: 25 | D30: Augusto Altamirano Vega | E30: Centros de Acogida Residencial | F30: Distrito Judicial: Apurímac | G30: N/A | H30: N/A | I30: Funcionarios del Sistema | J30: Instituciones públicas | K30: Centros de Acogida Residencial | L30: Entrevista de actores clave | N30: asco | O30: No aplica | P30: - Enviar correos con convocatoria - Dar seguimiento telefónico | Q30: Sí | R30: IJM | S30: Sí | T30: Sí | U30: Realizada completa | V30: 3/23/2026 | W30: 5/5/2026 | X30: 5/22/2026 | Z30: 21-Jul | AA30: 21-Jul | AB30: A distancia asistido | AC30: 29 | AD30: Se le envio nuevamente la carta por whatsapp porque el correo reboto | AE30: 1
B31: Nacional | C31: 26 | D31: María Luci Malpartida Galán | E31: Centros de Acogida Residencial | F31: Distrito Judicial: Lima | G31: N/A | H31: N/A | I31: Funcionarios del Sistema | J31: Instituciones públicas | K31: Centros de Acogida Residencial | L31: Entrevista de actores clave | N31: car.barcoiris@gmail.com cel 949605237 | O31: No aplica | P31: - Enviar correos con convocatoria - Dar seguimiento telefónico | Q31: Sí | R31: IJM | S31: Sí | T31: Sí | U31: Sin respuesta | V31: 5/5/2026 | AE31: 1
B32: Distrito Judicial: Ayacucho | C32: 27 | D32: Rosa Viviana Ciriaco Marcatinco | E32: Centros de Acogida Residencial | F32: Distrito Judicial: Ayacucho | G32: N/A | H32: N/A | I32: Funcionarios del Sistema | J32: Instituciones públicas | K32: Centros de Acogida Residencial | L32: Entrevista de actores clave | N32: care.dia@inabif.gob.pe | O32: No aplica | P32: - Enviar correos con convocatoria - Dar seguimiento telefónico | Q32: Sí | R32: IJM | S32: Sí | T32: Sí | U32: Realizada completa | V32: 5/5/2026 | Z32: 25-May | AA32: 25-May | AB32: A distancia asistido | AC32: 52 | AE32: 1
B33: Distrito Judicial: Huánuco | C33: 28 | D33: Karen De Los Milagros Ucañan Cachy | E33: Centros de Acogida Residencial | F33: Distrito Judicial: Huánuco | G33: Entrevista de actores clave | H33: Sí | I33: Funcionarios del Sistema | J33: Instituciones públicas | K33: Centros de Acogida Residencial | L33: Entrevista de actores clave | N33: karen.uc7@hotmail.com | O33: No aplica | P33: - Enviar correos con convocatoria - Dar seguimiento telefónico | Q33: Sí | R33: IJM | S33: Sí | T33: Sí | U33: Sin respuesta | V33: 5/5/2026 | AE33: 1
B34: Nacional | C34: 29 | D34: Israel Mendez Miguel | E34: Centros de Acogida Residencial | F34: Distrito Judicial: Cusco | G34: N/A | H34: N/A | I34: Funcionarios del Sistema | J34: Instituciones públicas | K34: Centros de Acogida Residencial | L34: Entrevista de actores clave | N34: israel_8699@hotmail.com israelmemi4@gmail.com | O34: No aplica | P34: - Enviar correos con convocatoria - Dar seguimiento telefónico | Q34: Sí | R34: IJM | T34: Sí | U34: Rechazada | V34: 5/5/2026 | AD34: El distrito judicial es Ayacucho y reboto el correo | AE34: 1
B35: Nacional | C35: 30 | D35: María Barbara Venemans De Wilde | E35: Centros de Acogida Residencial | F35: Distrito Judicial: Lima | G35: Entrevista de actores clave | H35: Sí | I35: Funcionarios del Sistema | J35: Instituciones públicas | K35: Centros de Acogida Residencial | L35: Entrevista de actores clave | N35: alanyasantacruz@loscachorros.nl | O35: No aplica | P35: - Enviar correos con convocatoria - Dar seguimiento telefónico | Q35: Sí | R35: IJM | T35: Sí | U35: Sin respuesta | V35: 5/5/2026 | AD35: El distrito judicial es Ayacucho | AE35: 1
B36: Nacional | C36: 31 | D36: Martha Fernandez Albornett | E36: Asociación Protección Población Vulnerable | F36: Nacional | G36: N/A | H36: N/A | I36: Actores locales | J36: ONGs | K36: Foco en derechos de la niñez | L36: Entrevista de actores clave | N36: info@appv.pe | O36: No aplica | P36: - Enviar correos con convocatoria - Dar seguimiento telefónico | Q36: Sí | R36: IJM | S36: Sí | T36: Sí | U36: Sin respuesta | V36: 5/5/2026 | AE36: 1
B37: Nacional | C37: 32 | D37: Rocío Roncal Rojas | E37: Asociación Kallpa | F37: Nacional | G37: N/A | H37: N/A | I37: Actores locales | J37: ONGs | K37: Foco en derechos de la niñez | L37: Entrevista de actores clave | N37: 51-996-55-083 comunicaciones@kallpa.org.pe | O37: No aplica | P37: - Enviar correos con convocatoria - Dar seguimiento telefónico | Q37: Sí | R37: IJM | S37: Sí | T37: Sí | U37: Sin respuesta | V37: 5/5/2026 | W37: 5/20/2026 | AD37: se envío correo de seguimiento | AE37: 1
B38: Distrito Judicial: Apurímac | C38: 33 | D38: Pascual Benjamín Rivera Montoya | E38: Centro de Protección del Menor | F38: Distrito Judicial: Apurímac | G38: N/A | H38: N/A | I38: Acompañantes | J38: ONGs | K38: No aplica | L38: Entrevista de actores clave | N38: cenann.cep@iglesiacatolica.org.pe | O38: No aplica | P38: - Enviar correos con convocatoria | Q38: Sí | R38: IJM | S38: Sí | T38: Sí | U38: Sin respuesta | V38: 5/5/2026 | AD38: correo reboto | AE38: 1
B39: Nacional | C39: 34 | D39: Coronel Ernesto Peña | E39: Jueces de Paz | F39: Nacional | G39: N/A | H39: N/A | I39: Funcionarios del Sistema | J39: Instituciones públicas | K39: Jueces de paz | L39: Entrevista de actores clave | N39: 987856989 | O39: No aplica | P39: - Convocar mediante llamada | Q39: Sí | R39: IJM | S39: Sí | T39: Sí | U39: Sin respuesta | V39: 3/23/2026 | W39: 5/5/2026 | AD39: Mensaje vía whatsapp. | AE39: 1
B40: Distrito Judicial: Cajamarca | C40: 35 | D40: Fátima Joyo Zaga | E40: Jueces de Paz | F40: Distrito Judicial: Cajamarca | G40: N/A | H40: N/A | I40: Funcionarios del Sistema | J40: Instituciones públicas | K40: Jueces de paz | L40: Entrevista de actores clave | N40: rjoyo@pj.gob.pe | O40: No aplica | P40: - Enviar oficio formal - Confirmar recepción del oficio - Dar seguimiento telefónico | Q40: Sí | R40: IJM | S40: Sí | T40: Sí | U40: Rechazada | V40: 5/5/2026 | AD40: Reboto el correo | AE40: 1
B41: Distrito Judicial: Huánuco | C41: 36 | D41: Epifania Chagua Timoteo | E41: Jueces de Paz | F41: Distrito Judicial: Huánuco | G41: N/A | H41: N/A | I41: Funcionarios del Sistema | J41: Instituciones públicas | K41: Jueces de paz | L41: Entrevista de actores clave | N41: echagua@pj.gob.pe | O41: No aplica | P41: - Enviar oficio formal - Confirmar recepción del oficio - Dar seguimiento telefónico | Q41: Sí | R41: IJM | S41: Sí | T41: Sí | U41: En coordinación | V41: 5/5/2026 | W41: 5/6/2026 | AD41: Corregir en la columna de "Alcance" epifania pertenece a la Corte Superior de Justicia de Huanúco | AE41: 1
B42: Nacional | C42: 37 | D42: Banesa Farfan Saravia | E42: Asociación Sin Fines de Lucro Ñañaykuna | F42: Distrito Judicial: Cusco | G42: N/A | H42: N/A | I42: Actores locales | J42: ONGs | K42: Foco en protección de la violencia | L42: Entrevista de actores clave | N42: +51 982074717 https://www.linkedin.com/in/banesa-farfan-saravia-b76753115/ | O42: No aplica | P42: - Convocar mediante llamada | Q42: No | R42: APOYO | T42: Sí | U42: Realizada completa | V42: 3/24/2026 | Z42: 31-Mar | AA42: 31-Mar | AB42: A distancia asistido | AC42: 55 | AD42: envié whatsapp. Entrevista aceptada | AE42: 1
B43: Distrito Judicial: Ucayali | C43: 38 | D43: Rocío Silva Santiesteban | E43: DEMUS Estudio para la Defensa de los Derechos de la Mujer | F43: Distrito Judicial: Ucayali | G43: N/A | H43: N/A | I43: Actores locales | J43: ONGs | K43: Foco en derechos sexuales / reproductivos | L43: Entrevista de actores clave | N43: (01) 4638515 (01) 4631226 (01) 4600879 https://www.linkedin.com/in/rocio-silva-santisteban-manrique-78666079/ | O43: No aplica | P43: - Convocar mediante llamada | Q43: Sí | R43: IJM | S43: Sí | T43: Sí | U43: Rechazada | V43: 5/5/2026 | AD43: reboto correo | AE43: 1
B44: Nacional | C44: 39 | D44: Magali Aguilar | E44: Asociación Madres Luchando por Justicia | F44: Nacional | G44: N/A | H44: N/A | I44: Actores locales | J44: ONGs | K44: Foco en protección de la violencia | L44: Entrevista de actores clave | N44: +51 933 376 762 madresluchandoporjusticia@gmail.com | O44: No aplica | P44: - Enviar correos con convocatoria - Dar seguimiento telefónico | Q44: No | R44: IJM | S44: No | T44: Sí | U44: Realizada completa | V44: 3/23/2026 | Z44: 24-Mar | AA44: 24-Mar | AB44: A distancia asistido | AC44: 72 | AD44: Aceptó entrevista sin oficio | AE44: 1
B45: Nacional | C45: 40 | D45: Laura Maurtua | E45: Mujeres Uniendo Esfuerzos por Alcanzar sus Sueños | F45: Nacional | G45: N/A | H45: N/A | I45: Actores locales | J45: ONGs | K45: Foco en protección de la violencia | L45: Entrevista de actores clave | N45: https://www.facebook.com/ongmujeresuniendoesfuerzos | O45: No aplica | P45: - Enviar correos con convocatoria - Dar seguimiento telefónico | Q45: No | R45: IJM | T45: No | AD45: o se puede acceder al facebook | AE45: 0
B46: Nacional | C46: 41 | D46: Flavia Martinez Tarazona | E46: Hablemos sin Tabúes | F46: Nacional | G46: N/A | H46: N/A | I46: Actores locales | J46: ONGs | K46: Foco en derechos sexuales / reproductivos | L46: Entrevista de actores clave | N46: https://www.linkedin.com/in/flavia-martinez-tarazona-6b67b714a/ | O46: No aplica | P46: - Enviar correos con convocatoria - Dar seguimiento telefónico | Q46: Sí | R46: IJM | S46: Sí | T46: Sí | U46: Sin respuesta | V46: 4/6/2026 | W46: 5/5/2026 | AD46: sintabues.org@gmail.com | AE46: 1
B47: Nacional | C47: 42 | D47: Lorena Farroñan | E47: Tukuy Sunquywan Yanapsqayki | F47: Distrito Judicial: Arequipa | G47: N/A | H47: N/A | I47: Actores locales | J47: ONGs | K47: Foco en protección de la violencia | L47: Entrevista de actores clave | N47: +51 960 557 083 Lorena Farroñan coordinadora tukuysunquywanyanapasqayki@gmail.com | O47: No aplica | P47: - Enviar correos con convocatoria - Dar seguimiento telefónico | Q47: Sí | R47: IJM | S47: Sí | T47: Sí | U47: Sin respuesta | V47: 3/23/2026 | W47: 4/17/2026 | X47: 5/5/2026 | AD47: se envio whatsApp el 24/03/26 y se envio oficio el 05/05/26 | AE47: 1
B48: Nacional | C48: 43 | D48: Cecilia Ancajima | E48: Asociación La Casa de la Mujer | F48: Distrito Judicial: Amazonas | G48: N/A | H48: N/A | I48: Actores locales | J48: ONGs | K48: Foco en protección de la violencia | L48: Entrevista de actores clave | N48: nfo@proa.pe | O48: No aplica | P48: - Enviar correos con convocatoria - Dar seguimiento telefónico | Q48: Sí | R48: IJM | S48: Sí | T48: Sí | U48: Sin respuesta | V48: 5/5/2026 | AD48: correo reboto | AE48: 1
B49: Nacional | C49: 44 | D49: Estrelia Nizama Ruiz | E49: Inppares | F49: Nacional | G49: N/A | H49: N/A | I49: Actores locales | J49: ONGs | K49: Foco en derechos sexuales / reproductivos | L49: Entrevista de actores clave | N49: Cel 940 920 906 coordinadora de Comunicaciones Lucia castroComunicaciones@inppares.org https://www.linkedin.com/in/estrelia-nizama-ruiz-b9b05130/?originalSubdomain=pe | O49: No aplica | P49: - Enviar correos con convocatoria - Dar seguimiento telefónico | Q49: Sí | R49: IJM | S49: Sí | T49: Sí | U49: Realizada completa | V49: 4/17/2026 | W49: 5/5/2026 | Z49: 21-May | AA49: 21-May | AB49: A distancia asistido | AC49: 43 | AD49: en contacto con la comunicadora | AE49: 1
B50: Distrito Judicial: Ayacucho | C50: 45 | D50: Elba Zegarra Vila | E50: Mama Alice | F50: Distrito Judicial: Ayacucho | G50: N/A | H50: N/A | I50: Actores locales | J50: ONGs | K50: Foco en protección de la violencia | L50: Entrevista de actores clave | N50: https://www.linkedin.com/in/elba-sahara-zegarra-vila-79423149?originalSubdomain=pe 'info@mamaalice.org (0051) (0) 66317963 (0051) 975050260 | O50: No aplica | P50: - Enviar correos con convocatoria - Dar seguimiento telefónico | Q50: No | R50: IJM | T50: No | AE50: 0
B51: Nacional | C51: 46 | D51: Flavio Flores Chuquipoma | E51: Central Única Nacional de Rondas Campesinas del Perú - CUNARC-P | F51: Nacional | G51: N/A | H51: N/A | I51: Actores locales | J51: Autoridades/Actores rurales | K51: No aplica | L51: Entrevista de actores clave | N51: 914771267. cunarc.rondascampesinas@gmail.com | O51: No aplica | P51: - Enviar correos con convocatoria - Dar seguimiento telefónico | Q51: No | R51: IJM | T51: Sí | U51: Realizada completa | V51: 3/24/2026 | Z51: 24-Mar | AA51: 24-Mar | AB51: A distancia asistido | AC51: 43 | AD51: Confirmó entrevista sin oficio, indico le manden link a 986693411 | AE51: 1
B52: Nacional | C52: 47 | D52: Mendoza Barrantes Mericia | E52: Estrategias Rurales | F52: Distrito Judicial: Lima | G52: N/A | H52: N/A | I52: Actores locales | J52: Autoridades/Actores rurales | K52: No aplica | L52: Entrevista de actores clave | N52: 914169055 | O52: No aplica | P52: - Convocar mediante llamada | Q52: No | R52: IJM | T52: Sí | U52: Sin respuesta | V52: 3/24/2026 | W52: 3/30/2026 | AD52: se envio whatsApp el 24/03/26 / Se volvío a escribir el 30/03/2026. | AE52: 1
B53: Nacional | C53: 48 | D53: Calizaya Cruz Nicanor Efrain | E53: Estrategias Rurales | F53: Distrito Judicial: Lima | G53: N/A | H53: N/A | I53: Actores locales | J53: Autoridades/Actores rurales | K53: No aplica | L53: Entrevista de actores clave | N53: 914166514 | O53: No aplica | P53: - Convocar mediante llamada | Q53: No | R53: IJM | T53: Sí | U53: Sin respuesta | V53: 3/24/2026 | W53: 3/30/2026 | AD53: se envio whatsApp el 24/03/26 | AE53: 1
B54: Nacional | C54: 49 | D54: Ketty Marcelo López | E54: Organización Nacional de Mujeres Indígenas Andinas y Amazónicas del Perú (ONAMIAP) | F54: Distrito Judicial: Lima | G54: N/A | H54: N/A | I54: Actores locales | J54: ONGs | K54: Foco en protección de la violencia | L54: Entrevista de actores clave | N54: 51(1) 428-0635 onamiap@onamiap.org / presidenciaonamiap@gmail.com / presidencia@onamiap.org | O54: No aplica | P54: - Enviar correos con convocatoria - Dar seguimiento telefónico | Q54: Sí | R54: IJM | S54: Sí | T54: Sí | U54: Sin respuesta | V54: 5/5/2026 | AE54: 1
B55: Nacional | C55: 50 | D55: Por definir | E55: Federación de Rondas Campesinas de Cajamarca y Norte del Perú (FEROCAFENOP) | F55: Distrito Judicial: Lima | G55: N/A | H55: N/A | I55: Actores locales | J55: Autoridades/Actores rurales | K55: No aplica | L55: Entrevista de actores clave | N55: https://www.facebook.com/fero.cafenop?mibextid=ZbWKwL | O55: No aplica | P55: - Enviar correos con convocatoria - Dar seguimiento telefónico | Q55: No | R55: IJM | T55: No | AE55: 0
B56: Distrito Judicial: Lima Norte | C56: 51 | D56: Kathia Villar | E56: Asociación Amar C | F56: Distrito Judicial: Lima Norte | G56: N/A | H56: N/A | I56: Actores locales | J56: ONGs | K56: Foco en derechos sexuales / reproductivos | L56: Entrevista de actores clave | N56: 976955754 asociacionamarc@gmail.com | O56: No aplica | P56: - Enviar correos con convocatoria - Dar seguimiento telefónico | Q56: Sí | R56: IJM | S56: Sí | T56: Sí | U56: Sin respuesta | V56: 3/24/2026 | W56: 3/26/2026 | X56: 5/5/2026 | Y56: 5/22/2026 | AD56: se envio whatsApp el 24/03/26, el 26 de marzo dieron un nuevo cel. 976955754 ya se le escribió. | AE56: 1
B57: Distrito Judicial: Loreto | C57: 52 | D57: Silvia Sandobal Gerrero | E57: Asociación Igualdad y Desarrollo | F57: Distrito Judicial: Loreto | G57: N/A | H57: N/A | I57: Actores locales | J57: ONGs | K57: Foco en derechos sexuales / reproductivos | L57: Entrevista de actores clave | N57: 957 367 738 | O57: No aplica | P57: - Convocar mediante llamada | Q57: No | R57: IJM | T57: Sí | U57: Realizada completa | V57: 3/24/2026 | W57: 4/6/2026 | X57: 4/7/2026 | Z57: 7-Apr | AA57: 7-Apr | AB57: A distancia asistido | AC57: 58 | AD57: Aceptó entrevista | AE57: 1
B58: Distrito Judicial: Ucayali | C58: 53 | D58: Alejandra Ballón-Gutiérrez | E58: Alfombra Roja | F58: Distrito Judicial: Ucayali | G58: N/A | H58: N/A | I58: Actores locales | J58: ONGs | K58: Foco en derechos sexuales / reproductivos | L58: Entrevista de actores clave | N58: alfroja.pe@gmail.com | O58: No aplica | P58: - Enviar correos con convocatoria - Dar seguimiento telefónico | Q58: Sí | R58: IJM | S58: Sí | T58: Sí | U58: Sin respuesta | V58: 5/5/2026 | AE58: 1
B59: Nacional | C59: 54 | D59: Mercedes Neves Murillo | E59: Foro Regional Por Los Derechos Sexuales Y Reproductivos (FORDES) | F59: Distrito Judicial: Piura | G59: N/A | H59: N/A | I59: Actores locales | J59: ONGs | K59: Foco en derechos sexuales / reproductivos | L59: Entrevista de actores clave | N59: memebun@fordesarequipa.org | O59: No aplica | P59: - Enviar correos con convocatoria - Dar seguimiento telefónico | Q59: No | R59: IJM | T59: No | AE59: 0
B60: Nacional | C60: 55 | D60: Rosemary Pioc | E60: Consejo de Mujeres Awajún Wampis Umukai Yawi - COMUAWUY | F60: Distrito Judicial: Puno | G60: N/A | H60: N/A | I60: Actores locales | J60: ONGs | K60: Foco en protección de la violencia | L60: Entrevista de actores clave | N60: consejodemujeresawajunwampis@gmail.com | O60: No aplica | P60: - Enviar correos con convocatoria - Dar seguimiento telefónico | Q60: No | R60: IJM | T60: No | AE60: 0
B61: Distrito Judicial: Ayacucho | C61: 56 | D61: Henry Mercado | E61: Abogados | F61: Distrito Judicial: Ayacucho | G61: N/A | H61: N/A | I61: Acompañantes | J61: Asociaciones legales | K61: No aplica | L61: Entrevista de actores clave | N61: +51 966020010 | O61: No aplica | P61: - Enviar correos con convocatoria - Dar seguimiento telefónico | Q61: No | R61: IJM | T61: Sí | U61: Realizada completa | V61: 3/24/2026 | W61: 3/25/2026 | Z61: 1-Apr | AA61: 1-Apr | AB61: A distancia asistido | AC61: 34 | AD61: Acepto entrevista | AE61: 1
B62: Nacional | C62: 57 | D62: Lorena Ruiz | E62: ONG: Kids Alive | F62: Nacional | G62: N/A | H62: N/A | I62: Actores locales | J62: ONGs | K62: Foco en derechos de la niñez | L62: Entrevista de actores clave | N62: +51 982125194 lorena.ruiz@kidsalive.org | O62: No aplica | P62: - Enviar correos con convocatoria - Dar seguimiento telefónico | Q62: No | R62: IJM | T62: Sí | U62: Realizada completa | V62: 3/25/2026 | Z62: 24-Apr | AA62: 24-Apr | AB62: A distancia asistido | AC62: 42 | AD62: Distrito Judic ial de ucayali (actualizado) Se debe recategorizar para ONG KAI | AE62: 1
B63: Distrito Judicial: Huánuco | C63: 58 | D63: María Ysabel Cedano | E63: Abogados | F63: Distrito Judicial: Huánuco | G63: N/A | H63: N/A | I63: Acompañantes | J63: Asociaciones legales | K63: No aplica | L63: Entrevista de actores clave | N63: myc@demus.org.pe | O63: No aplica | P63: - Enviar correos con convocatoria - Dar seguimiento telefónico | Q63: Sí | R63: IJM | T63: Sí | U63: Sin respuesta | AE63: 1
B64: Nacional | C64: 59 | D64: Rocío Villanueva Flores | E64: Abogados | F64: Distrito Judicial: Ica | G64: N/A | H64: N/A | I64: Acompañantes | J64: Asociaciones legales | K64: No aplica | L64: Entrevista de actores clave | N64: mrvillan@pucp.edu.pe | O64: No aplica | P64: - Enviar correos con convocatoria - Dar seguimiento telefónico | Q64: Sí | R64: IJM | S64: Sí | T64: Sí | U64: Sin respuesta | AE64: 1
B65: Distrito Judicial: Lima Norte | C65: 60 | D65: Eliana Revollar Añaños | E65: Abogados | F65: Distrito Judicial: Lima Norte | G65: N/A | H65: N/A | I65: Actores locales | J65: Asociaciones legales | K65: No aplica | L65: Entrevista de actores clave | N65: https://www.linkedin.com/in/eliana-revollar-a%C3%B1a%C3%B1os-18b46b225/?originalSubdomain=pe | O65: No aplica | P65: - Enviar correos con convocatoria - Dar seguimiento telefónico | Q65: No | R65: IJM | T65: No | AE65: 0
B66: Distrito Judicial: Lima Norte | C66: 61 | D66: Jacqueline Julissa Pérez Castañeda | E66: Ministerio Público (Fiscalía) | F66: Distrito Judicial: Lima Norte | G66: N/A | H66: N/A | I66: Funcionarios del Sistema | J66: Ministerio Público | K66: Direcciones especializadas en violencia | L66: Entrevista de actores clave | N66: +51 999269930 jjperezdc@mpfn.gob.pe | O66: mesa_de_partes_gg@mpfn.gob.pe mesadepartes1FSuprP@mpfn.gob.pe | P66: - Enviar oficio formal - Confirmar recepción del oficio - Definir punto focal - Dar seguimiento telefónico | Q66: Sí | R66: IJM | T66: Sí | U66: Sin respuesta | V66: 3/24/2026 | W66: 5/22/2026 | AD66: se envió whatsapp 22/05/26 | AE66: 1
B67: Nacional | C67: 62 | D67: Delia Milagros Espinoza Valenzuela | E67: Ministerio Público (Fiscalía) | F67: Distrito Judicial: Sullana | G67: N/A | H67: N/A | I67: Funcionarios del Sistema | J67: Ministerio Público | K67: Otras direcciones | L67: Entrevista de actores clave | N67: 6255555 / Anexo 11161 dmespinoza@mpfn.gob.pe | O67: mesa_de_partes_gg@mpfn.gob.pe mesadepartes1FSuprP@mpfn.gob.pe | P67: - Enviar oficio formal - Confirmar recepción del oficio - Definir punto focal - Dar seguimiento telefónico | Q67: Sí | R67: IJM | S67: Sí | T67: Sí | U67: Sin respuesta | V67: 5/5/2026 | AD67: DECANA DEL CAL enviar oficio, se debe volver a enviar oficio al correo del CAL | AE67: 1
B68: Distrito Judicial: Ayacucho | C68: 63 | D68: Judith Gisella Caruhapoma Ortega | E68: Ministerio Público (Fiscalía) | F68: Distrito Judicial: Ayacucho | G68: Reunión de reconocimiento | H68: No | I68: Funcionarios del Sistema | J68: Ministerio Público | K68: Direcciones especializadas en violencia | L68: Entrevista de actores clave | N68: 999112384 jcaruhapomadj@mpfn.gob.pe | O68: mesa_de_partes_gg@mpfn.gob.pe mesadepartes1FSuprP@mpfn.gob.pe | P68: - Enviar oficio formal - Confirmar recepción del oficio - Definir punto focal - Dar seguimiento telefónico | Q68: Sí | R68: IJM | T68: Sí | U68: Sin respuesta | V68: 3/24/2026 | W68: 5/5/2026 | AD68: se envió whatsapp 24/03/26 | AE68: 1
B69: Nacional | C69: 64 | D69: Ingrid Carola Chumbe Rodriguez | E69: Ministerio Público (Fiscalía) | F69: Distrito Judicial: Huaura | G69: N/A | H69: N/A | I69: Funcionarios del Sistema | J69: Ministerio Público | K69: Direcciones especializadas en violencia | L69: Entrevista de actores clave | N69: 965664009 ichumbe@mpfn.gob.pe | O69: mesa_de_partes_gg@mpfn.gob.pe mesadepartes1FSuprP@mpfn.gob.pe | P69: - Enviar oficio formal - Confirmar recepción del oficio - Definir punto focal - Dar seguimiento telefónico | Q69: Sí | R69: IJM | T69: Sí | U69: Sin respuesta | V69: 3/20/2026 | W69: 3/24/2026 | AD69: se envió whatsapp 24/03/26 | AE69: 1
B70: Nacional | C70: 65 | D70: Juan Carlos Villena Campana | E70: Ministerio Público (Fiscalía) | F70: Distrito Judicial: Áncash | G70: N/A | H70: N/A | I70: Funcionarios del Sistema | J70: Ministerio Público | K70: Direcciones especializadas en violencia | L70: Entrevista de actores clave | N70: 6255555 / Anexo 11951 jvillenadj@mpfn.gob.pe | O70: mesa_de_partes_gg@mpfn.gob.pe mesadepartes1FSuprP@mpfn.gob.pe | P70: - Enviar oficio formal - Confirmar recepción del oficio - Definir punto focal - Dar seguimiento telefónico | Q70: Sí | R70: IJM | S70: Sí | T70: Sí | U70: Sin respuesta | V70: 5/5/2026 | AE70: 1
B71: Distrito Judicial: Cajamarca | C71: 66 | D71: Sebastian Ticona Flores | E71: Ministerio Público (Fiscalía) | F71: Distrito Judicial: Cajamarca | G71: N/A | H71: N/A | I71: Funcionarios del Sistema | J71: Ministerio Público | K71: Otras direcciones | L71: Entrevista de actores clave | N71: 061-639760 Anexo: 60001 | O71: mesa_de_partes_gg@mpfn.gob.pe mesadepartes1FSuprP@mpfn.gob.pe | P71: - Enviar oficio formal - Confirmar recepción del oficio - Definir punto focal - Dar seguimiento telefónico | Q71: Sí | R71: IJM | S71: Sí | T71: Sí | U71: Sin respuesta | V71: 5/5/2026 | W71: 5/20/2026 | AD71: correo de seguimiento | AE71: 1
B72: Nacional | C72: 67 | D72: Griselda Venero De Monteagudo | E72: Ministerio Público (Fiscalía) | F72: Distrito Judicial: Tacna | G72: N/A | H72: N/A | I72: Funcionarios del Sistema | J72: Ministerio Público | K72: Otras direcciones | L72: Entrevista de actores clave | N72: 084-603991 Anexo: 60001 | O72: mesa_de_partes_gg@mpfn.gob.pe mesadepartes1FSuprP@mpfn.gob.pe | P72: - Enviar oficio formal - Confirmar recepción del oficio - Definir punto focal - Dar seguimiento telefónico | Q72: Sí | R72: IJM | S72: Sí | T72: Sí | U72: Sin respuesta | V72: 5/5/2026 | W72: 5/20/2026 | AD72: correo de seguimiento | AE72: 1
B73: Nacional | C73: 68 | D73: Sofia Milla Meza | E73: Ministerio Público (Fiscalía) | F73: Distrito Judicial: Junín | G73: N/A | H73: N/A | I73: Funcionarios del Sistema | J73: Ministerio Público | K73: Otras direcciones | L73: Entrevista de actores clave | N73: 073-603548 Anexo: 73001 | O73: mesa_de_partes_gg@mpfn.gob.pe mesadepartes1FSuprP@mpfn.gob.pe | P73: - Enviar oficio formal - Confirmar recepción del oficio - Definir punto focal - Dar seguimiento telefónico | Q73: Sí | R73: IJM | S73: Sí | T73: Sí | U73: Sin respuesta | V73: 5/5/2026 | W73: 5/20/2026 | AD73: correo seguimiento | AE73: 1
B74: Distrito Judicial: Apurímac | C74: 69 | D74: Jhonny Ruelas Roque | E74: Ministerio Público (Fiscalía) | F74: Distrito Judicial: Apurímac | G74: N/A | H74: N/A | I74: Funcionarios del Sistema | J74: Ministerio Público | K74: Otras direcciones | L74: Entrevista de actores clave | N74: 073-603548 Anexo: 73001 | O74: mesa_de_partes_gg@mpfn.gob.pe mesadepartes1FSuprP@mpfn.gob.pe | P74: - Enviar oficio formal - Confirmar recepción del oficio - Definir punto focal - Dar seguimiento telefónico | Q74: Sí | R74: IJM | S74: Sí | T74: Sí | U74: Sin respuesta | V74: 5/5/2026 | W74: 5/20/2026 | AD74: correo seguimiento | AE74: 1
B75: Distrito Judicial: Apurímac | C75: 70 | D75: Gilder Zapana Mayta | E75: Ministerio Público (Fiscalía) | F75: Distrito Judicial: Apurímac | G75: N/A | H75: N/A | I75: Funcionarios del Sistema | J75: Ministerio Público | K75: Otras direcciones | L75: Entrevista de actores clave | N75: 41635375 Anexo: 73001 | O75: mesa_de_partes_gg@mpfn.gob.pe mesadepartes1FSuprP@mpfn.gob.pe | P75: - Enviar oficio formal - Confirmar recepción del oficio - Definir punto focal - Dar seguimiento telefónico | Q75: Sí | R75: IJM | S75: Sí | T75: Sí | U75: Sin respuesta | V75: 5/5/2026 | AE75: 1
B76: Distrito Judicial: Apurímac | C76: 71 | D76: Helem Retamozo Meza | E76: Ministerio Público (Fiscalía) | F76: Distrito Judicial: Apurímac | G76: N/A | H76: N/A | I76: Funcionarios del Sistema | J76: Ministerio Público | K76: Otras direcciones | L76: Entrevista de actores clave | N76: 067-630897 Anexo: 67001 | O76: mesa_de_partes_gg@mpfn.gob.pe mesadepartes1FSuprP@mpfn.gob.pe | P76: - Enviar oficio formal - Confirmar recepción del oficio - Definir punto focal - Dar seguimiento telefónico | Q76: Sí | R76: IJM | S76: Sí | T76: Sí | U76: Sin respuesta | V76: 5/5/2026 | AE76: 1
B77: Distrito Judicial: Apurímac | C77: 72 | D77: Diana Ildaura Suquilanda Zavalaga | E77: Ministerio Público (Fiscalía) | F77: Distrito Judicial: Apurímac | G77: N/A | H77: N/A | I77: Funcionarios del Sistema | J77: Ministerio Público | K77: Direcciones especializadas en violencia | L77: Entrevista de actores clave | N77: 965193302 dsuquilandadj@mpfn.gob.pe | O77: mesa_de_partes_gg@mpfn.gob.pe mesadepartes1FSuprP@mpfn.gob.pe | P77: - Enviar oficio formal - Confirmar recepción del oficio - Definir punto focal - Dar seguimiento telefónico | Q77: Sí | R77: IJM | S77: Sí | T77: Sí | U77: Sin respuesta | V77: 3/20/2026 | W77: 5/5/2026 | AD77: se le mando whatsapp 20/03/26 | AE77: 1
B78: Distrito Judicial: Huánuco | C78: 73 | D78: Pedro Luza Chullo | E78: Ministerio Público (Fiscalía) | F78: Distrito Judicial: Huánuco | G78: N/A | H78: N/A | I78: Funcionarios del Sistema | J78: Ministerio Público | K78: Otras direcciones | L78: Entrevista de actores clave | N78: 82624299 Anexo: 44002 | O78: mesa_de_partes_gg@mpfn.gob.pe mesadepartes1FSuprP@mpfn.gob.pe | P78: - Enviar oficio formal - Confirmar recepción del oficio - Definir punto focal - Dar seguimiento telefónico | Q78: Sí | R78: IJM | S78: Sí | T78: Sí | U78: Sin respuesta | V78: 5/5/2026 | AE78: 1
B79: Distrito Judicial: Huánuco | C79: 74 | D79: Mirco Coz Berrospi | E79: Ministerio Público (Fiscalía) | F79: Distrito Judicial: Huánuco | G79: N/A | H79: N/A | I79: Funcionarios del Sistema | J79: Ministerio Público | K79: Otras direcciones | L79: Entrevista de actores clave | N79: 62634599 Anexo: 44002 | O79: mesa_de_partes_gg@mpfn.gob.pe mesadepartes1FSuprP@mpfn.gob.pe | P79: - Enviar oficio formal - Confirmar recepción del oficio - Definir punto focal - Dar seguimiento telefónico | Q79: Sí | R79: IJM | S79: Sí | T79: Sí | U79: Sin respuesta | V79: 5/5/2026 | AE79: 1
B80: Distrito Judicial: Huánuco | C80: 75 | D80: Maria Elena Tores Quispe | E80: Ministerio Público (Fiscalía) | F80: Distrito Judicial: Huánuco | G80: N/A | H80: N/A | I80: Funcionarios del Sistema | J80: Ministerio Público | K80: Otras direcciones | L80: Entrevista de actores clave | N80: 056-639199 Anexo: 44002 | O80: mesa_de_partes_gg@mpfn.gob.pe mesadepartes1FSuprP@mpfn.gob.pe | P80: - Enviar oficio formal - Confirmar recepción del oficio - Definir punto focal - Dar seguimiento telefónico | Q80: Sí | R80: IJM | T80: No | AE80: 0
B81: Distrito Judicial: Ucayali | C81: 76 | D81: Claudia Belinda Chirito Cano | E81: Ministerio Público (Fiscalía) | F81: Distrito Judicial: Ucayali | G81: N/A | H81: N/A | I81: Funcionarios del Sistema | J81: Ministerio Público | K81: Direcciones especializadas en violencia | L81: Entrevista de actores clave | N81: 963311494 cchirito@mpfn.gob.pe | O81: mesa_de_partes_gg@mpfn.gob.pe mesadepartes1FSuprP@mpfn.gob.pe | P81: - Enviar oficio formal - Confirmar recepción del oficio - Definir punto focal - Dar seguimiento telefónico | Q81: Sí | R81: IJM | S81: Sí | T81: Sí | U81: Sin respuesta | V81: 3/25/2026 | W81: 5/5/2026 | AD81: se envio whatsapp 25/03/26 | AE81: 1
B82: Distrito Judicial: Ucayali | C82: 77 | D82: Marco Antonio Yaipen Zapata | E82: Ministerio Público (Fiscalía) | F82: Distrito Judicial: Ucayali | G82: N/A | H82: N/A | I82: Funcionarios del Sistema | J82: Ministerio Público | K82: Otras direcciones | L82: Entrevista de actores clave | N82: 01-6255555 Anexo: 31001 | O82: mesa_de_partes_gg@mpfn.gob.pe mesadepartes1FSuprP@mpfn.gob.pe | P82: - Enviar oficio formal - Confirmar recepción del oficio - Definir punto focal - Dar seguimiento telefónico | Q82: Sí | R82: IJM | S82: Sí | T82: Sí | U82: Sin respuesta | V82: 5/5/2026 | AE82: 1
B83: Distrito Judicial: Ucayali | C83: 78 | D83: Gladys Pendola Arviza | E83: Ministerio Público (Fiscalía) | F83: Distrito Judicial: Ucayali | G83: N/A | H83: N/A | I83: Funcionarios del Sistema | J83: Ministerio Público | K83: Otras direcciones | L83: Entrevista de actores clave | N83: 073-603549 Anexo: 70001 | O83: mesa_de_partes_gg@mpfn.gob.pe mesadepartes1FSuprP@mpfn.gob.pe | P83: - Enviar oficio formal - Confirmar recepción del oficio - Definir punto focal - Dar seguimiento telefónico | Q83: Sí | R83: IJM | S83: Sí | T83: Sí | U83: Sin respuesta | V83: 5/5/2026 | AE83: 1
B84: Distrito Judicial: Puente Piedra-Ventanilla | C84: 79 | D84: Fritz Elias Espinoza | E84: Ministerio Público (Fiscalía) | F84: Distrito Judicial: Puente Piedra-Ventanilla | G84: N/A | H84: N/A | I84: Funcionarios del Sistema | J84: Ministerio Público | K84: Otras direcciones | L84: Entrevista de actores clave | N84: 066-635555 Anexo: 066-635555 | O84: mesa_de_partes_gg@mpfn.gob.pe mesadepartes1FSuprP@mpfn.gob.pe | P84: - Enviar oficio formal - Confirmar recepción del oficio - Definir punto focal - Dar seguimiento telefónico | Q84: Sí | R84: IJM | S84: Sí | T84: Sí | U84: Sin respuesta | V84: 5/5/2026 | AE84: 1
B85: Distrito Judicial: Puente Piedra-Ventanilla | C85: 80 | D85: Raúl Solórzano Cosar | E85: Ministerio Público (Fiscalía) | F85: Distrito Judicial: Puente Piedra-Ventanilla | G85: N/A | H85: N/A | I85: Funcionarios del Sistema | J85: Ministerio Público | K85: Otras direcciones | L85: Entrevista de actores clave | N85: 01-6255555 Anexo: 18001 | O85: mesa_de_partes_gg@mpfn.gob.pe mesadepartes1FSuprP@mpfn.gob.pe | P85: - Enviar oficio formal - Confirmar recepción del oficio - Definir punto focal - Dar seguimiento telefónico | Q85: Sí | R85: IJM | T85: No | AE85: 0
B86: Distrito Judicial: Puente Piedra-Ventanilla | C86: 81 | D86: Marco Leopoldo De La Cruz Espejo | E86: Ministerio Público (Fiscalía) | F86: Distrito Judicial: Puente Piedra-Ventanilla | G86: N/A | H86: N/A | I86: Funcionarios del Sistema | J86: Ministerio Público | K86: Otras direcciones | L86: Entrevista de actores clave | N86: 043-708998 Anexo: 43001 | O86: mesa_de_partes_gg@mpfn.gob.pe mesadepartes1FSuprP@mpfn.gob.pe | P86: - Enviar oficio formal - Confirmar recepción del oficio - Definir punto focal - Dar seguimiento telefónico | Q86: Sí | R86: IJM | T86: No | AE86: 0
B87: Distrito Judicial: Ayacucho | C87: 82 | D87: Cristian Araujo Morales | E87: Ministerio Público (Fiscalía) | F87: Distrito Judicial: Ayacucho | G87: N/A | H87: N/A | I87: Funcionarios del Sistema | J87: Ministerio Público | K87: Otras direcciones | L87: Entrevista de actores clave | N87: 987589991 076-601170 Anexo: 76001 caraujo@mpfn.gob.pe | O87: mesa_de_partes_gg@mpfn.gob.pe mesadepartes1FSuprP@mpfn.gob.pe | P87: - Enviar oficio formal - Confirmar recepción del oficio - Definir punto focal - Dar seguimiento telefónico | Q87: Sí | R87: IJM | S87: Sí | T87: Sí | U87: Sin respuesta | V87: 3/26/2026 | W87: 5/5/2026 | AD87: se envío whatsApp 26/03/26 | AE87: 1
B88: Distrito Judicial: Ayacucho | C88: 83 | D88: Luis Antonio Tejada Llerena | E88: Ministerio Público (Fiscalía) | F88: Distrito Judicial: Ayacucho | G88: N/A | H88: N/A | I88: Funcionarios del Sistema | J88: Ministerio Público | K88: Otras direcciones | L88: Entrevista de actores clave | N88: 052-600801 Anexo: 52001 | O88: mesa_de_partes_gg@mpfn.gob.pe mesadepartes1FSuprP@mpfn.gob.pe | P88: - Enviar oficio formal - Confirmar recepción del oficio - Definir punto focal - Dar seguimiento telefónico | Q88: Sí | R88: IJM | S88: Sí | T88: Sí | U88: Sin respuesta | V88: 5/5/2026 | AE88: 1
B89: Distrito Judicial: Lima Norte | C89: 84 | D89: Miguel Angel Villalobos Caballero | E89: Ministerio Público (Fiscalía) | F89: Distrito Judicial: Lima Norte | G89: N/A | H89: N/A | I89: Funcionarios del Sistema | J89: Ministerio Público | K89: Otras direcciones | L89: Entrevista de actores clave | N89: 064-602987 Anexo: 64001 | O89: mesa_de_partes_gg@mpfn.gob.pe mesadepartes1FSuprP@mpfn.gob.pe | P89: - Enviar oficio formal - Confirmar recepción del oficio - Definir punto focal - Dar seguimiento telefónico | Q89: Sí | R89: IJM | S89: Sí | T89: Sí | U89: Sin respuesta | V89: 5/5/2026 | AE89: 1
B90: Distrito Judicial: Cajamarca | C90: 85 | D90: Lilian Rueda Curimanea | E90: Ministerio Público (Fiscalía) | F90: Distrito Judicial: Cajamarca | G90: N/A | H90: N/A | I90: Funcionarios del Sistema | J90: Ministerio Público | K90: Direcciones especializadas en violencia | L90: Entrevista de actores clave | N90: 990 502 145 lruedadj@mpfn.gob.pe | O90: mesa_de_partes_gg@mpfn.gob.pe mesadepartes1FSuprP@mpfn.gob.pe | P90: - Enviar oficio formal - Confirmar recepción del oficio - Definir punto focal - Dar seguimiento telefónico | Q90: Sí | R90: IJM | T90: Sí | U90: Sin respuesta | V90: 3/26/2026 | AD90: se envío whatsApp 26/03/26 | AE90: 1
B91: Distrito Judicial: Cajamarca | C91: 86 | D91: Jorge Fernandez Mavila | E91: Ministerio Público (Fiscalía) | F91: Distrito Judicial: Cajamarca | G91: N/A | H91: N/A | I91: Funcionarios del Sistema | J91: Ministerio Público | K91: Otras direcciones | L91: Entrevista de actores clave | N91: 987589316 presidencia_apurimacdf@mpfn.gob.pe | O91: mesa_de_partes_gg@mpfn.gob.pe mesadepartes1FSuprP@mpfn.gob.pe | P91: - Enviar oficio formal - Confirmar recepción del oficio - Definir punto focal - Dar seguimiento telefónico | Q91: Sí | R91: IJM | T91: Sí | U91: Sin respuesta | V91: 3/26/2026 | AD91: se envío whatsApp 26/03/26 | AE91: 1
B92: Distrito Judicial: Loreto | C92: 87 | D92: Armando Molero Pimienta | E92: Ministerio Público (Fiscalía) | F92: Distrito Judicial: Loreto | G92: N/A | H92: N/A | I92: Funcionarios del Sistema | J92: Ministerio Público | K92: Otras direcciones | L92: Entrevista de actores clave | N92: 01-6255555 Anexo 83635 1rafsp_abancay@mpfn.gob.pe | O92: mesa_de_partes_gg@mpfn.gob.pe mesadepartes1FSuprP@mpfn.gob.pe | P92: - Enviar oficio formal - Confirmar recepción del oficio - Definir punto focal - Dar seguimiento telefónico | Q92: Sí | R92: IJM | T92: No | AE92: 0
B93: Distrito Judicial: Apurímac | C93: 88 | D93: Rodolfo Huaman Flores | E93: Ministerio Público (Fiscalía) | F93: Distrito Judicial: Apurímac | G93: N/A | H93: N/A | I93: Funcionarios del Sistema | J93: Ministerio Público | K93: Otras direcciones | L93: Entrevista de actores clave | N93: +51 974 795 505 2fsp-abancay@mpfn.gob.pe | O93: mesa_de_partes_gg@mpfn.gob.pe mesadepartes1FSuprP@mpfn.gob.pe | P93: - Enviar oficio formal - Confirmar recepción del oficio - Definir punto focal - Dar seguimiento telefónico | Q93: Sí | R93: IJM | T93: Sí | U93: Realizada completa | V93: 3/26/2026 | Z93: 1-Apr | AA93: 1-Apr | AB93: A distancia asistido | AC93: 42 | AD93: se envío whatsApp 26/03/26, aceptó entrevista 01/04/2026 | AE93: 1
B94: Distrito Judicial: Loreto | C94: 89 | D94: John Henrry Martel Trujillo | E94: Ministerio Público (Fiscalía) | F94: Distrito Judicial: Loreto | G94: N/A | H94: N/A | I94: Funcionarios del Sistema | J94: Ministerio Público | K94: Otras direcciones | L94: Entrevista de actores clave | N94: 62265 jmartel@mpfn.gob.pe | O94: mesa_de_partes_gg@mpfn.gob.pe mesadepartes1FSuprP@mpfn.gob.pe | P94: - Enviar oficio formal - Confirmar recepción del oficio - Definir punto focal - Dar seguimiento telefónico | Q94: Sí | R94: IJM | T94: No | AE94: 0
B95: Nacional | C95: 90 | D95: Mariano Rodolfo Valdivia Valdarrago | E95: Ministerio Público (Fiscalía) | F95: Distrito Judicial: Lambayeque | G95: N/A | H95: N/A | I95: Funcionarios del Sistema | J95: Ministerio Público | K95: Otras direcciones | L95: Entrevista de actores clave | N95: 62385 mvaldiviavdj@mpfn.gob.pe | O95: mesa_de_partes_gg@mpfn.gob.pe mesadepartes1FSuprP@mpfn.gob.pe | P95: - Enviar oficio formal - Confirmar recepción del oficio - Definir punto focal - Dar seguimiento telefónico | Q95: Sí | R95: IJM | T95: No | AE95: 0
B96: Distrito Judicial: Cajamarca | C96: 91 | D96: Rodolfo Vega Billan | E96: Ministerio Público (Fiscalía) | F96: Distrito Judicial: Cajamarca | G96: N/A | H96: N/A | I96: Funcionarios del Sistema | J96: Ministerio Público | K96: Otras direcciones | L96: Entrevista de actores clave | N96: 62390 rvegadj@mpfn.gob.pe | O96: mesa_de_partes_gg@mpfn.gob.pe mesadepartes1FSuprP@mpfn.gob.pe | P96: - Enviar oficio formal - Confirmar recepción del oficio - Definir punto focal - Dar seguimiento telefónico | Q96: Sí | R96: IJM | T96: No | AE96: 0
B97: Nacional | C97: 92 | D97: Fanny Elizabeth Suarez Coaguila | E97: Ministerio Público (Fiscalía) | F97: Distrito Judicial: Ancash | G97: N/A | H97: N/A | I97: Funcionarios del Sistema | J97: Ministerio Público | K97: Otras direcciones | L97: Entrevista de actores clave | N97: 987589297 pjfs.ucayali@mpfn.gob.pe | O97: mesa_de_partes_gg@mpfn.gob.pe mesadepartes1FSuprP@mpfn.gob.pe | P97: - Enviar oficio formal - Confirmar recepción del oficio - Definir punto focal - Dar seguimiento telefónico | Q97: Sí | R97: IJM | T97: Sí | U97: Sin respuesta | V97: 3/26/2026 | AD97: envie whatsApp 26/03/26 | AE97: 1
B98: Distrito Judicial: Cajamarca | C98: 93 | D98: Cesar Manuel Calderón Moreno | E98: Ministerio Público (Fiscalía) | F98: Distrito Judicial: Cajamarca | G98: N/A | H98: N/A | I98: Funcionarios del Sistema | J98: Ministerio Público | K98: Otras direcciones | L98: Entrevista de actores clave | N98: 944992076 2fsup.penal.ucayali.mesadepartes@mpfn.gob.pe | O98: mesa_de_partes_gg@mpfn.gob.pe mesadepartes1FSuprP@mpfn.gob.pe | P98: - Enviar oficio formal - Confirmar recepción del oficio - Definir punto focal - Dar seguimiento telefónico | Q98: Sí | R98: IJM | T98: Sí | U98: Sin respuesta | V98: 3/26/2026 | AD98: No tiene activado whatsApp | AE98: 1
B99: Distrito Judicial: Ucayali | C99: 94 | D99: Liz Ivone Torres Díaz | E99: Ministerio Público (Fiscalía) | F99: Distrito Judicial: Ucayali | G99: N/A | H99: N/A | I99: Funcionarios del Sistema | J99: Ministerio Público | K99: Otras direcciones | L99: Entrevista de actores clave | N99: ltorresd@pj.gob.pe | O99: mesa_de_partes_gg@mpfn.gob.pe mesadepartes1FSuprP@mpfn.gob.pe | P99: - Enviar oficio formal - Confirmar recepción del oficio - Definir punto focal - Dar seguimiento telefónico | Q99: Sí | R99: IJM | T99: No | AE99: 0
B100: Nacional | C100: 95 | D100: Abilio Escobar Quispe | E100: Ministerio Público (Fiscalía) | F100: Distrito Judicial: Lima | G100: N/A | H100: N/A | I100: Funcionarios del Sistema | J100: Ministerio Público | K100: Direcciones especializadas en violencia | L100: Entrevista de actores clave | N100: 963758699 aescobardj@mpfn.gob.pe | O100: mesa_de_partes_gg@mpfn.gob.pe mesadepartes1FSuprP@mpfn.gob.pe | P100: - Enviar oficio formal - Confirmar recepción del oficio - Definir punto focal - Dar seguimiento telefónico | Q100: Sí | R100: IJM | T100: Sí | U100: Sin respuesta | V100: 3/26/2026 | AD100: No tiene activado whatsApp | AE100: 1
...

Sheet Seguimiento grupos focales
C1: Nota: El contacto deberá iniciarse con al menos 2 semanas de anticipación
C2: Leyenda: | E2: Actor que ya participó en algúna actividad
E3: Actor que será contactado por parte de APOYO
E4: Contacto brindado por otro actor
E5: Por evaluar
C6: # | D6: Nombre | E6: Institución | F6: Alcance (nivel nacional o distrito judicial) | G6: Actividad piloto | H6: ¿Asistió? | I6: Tipo de actor | J6: Actividad campo | K6: N° de Grupo Focal | L6: ¿Asistió? | M6: Contacto personal | N6: Contacto de institución (mesa de partes) | O6: Estrategia de acercamiento | P6: Requiere Oficio | Q6: Encargado | R6: ¿Envío de oficio? | S6: ¿Contactado? | T6: Respuesta | U6: Fecha de primer contacto | V6: Fecha de segundo contacto | W6: Fecha de tercer contacto | X6: Fecha propuesta | Y6: Fecha de inicio de actividad | Z6: Fecha de fin de actividad | AA6: Modalidad | AB6: Resultado | AC6: Duración total (min) | AD6: Comentarios /Observaciones IJM
C7: 1 | D7: Sofía Blamey Andrusco | E7: Organización para la Cooperación y el Desarrollo Económico | F7: Nacional | G7: N/A | H7: N/A | I7: Expertos en la temática | J7: Grupo focal de reconocimiento | K7: Grupo focal 1 | M7: https://www.linkedin.com/in/sofia-blamey-andrusco-7520096b/?locale=fr_FR | N7: No aplica | O7: - Enviar oficio formal - Confirmar recepción del oficio | P7: Sí | Q7: IJM | R7: Sí | S7: Sí | T7: Sin respuesta | U7: 4/27/2026 | V7: 6-May | AD7: Correo ubicado en web rebotó
C8: 2 | D8: Cinthia Navarro | E8: Oxfam | F8: Nacional | G8: Reunión de reconocimiento | H8: No | I8: Expertos en la temática | J8: Grupo focal de reconocimiento | K8: Grupo focal 2 | M8: cinthia.navarro@oxfam.org cinavarro@pucp.pe | N8: No aplica | O8: - Enviar oficio formal - Confirmar recepción del oficio | P8: Sí | Q8: IJM | R8: Sí | S8: Sí | T8: Sin respuesta | U8: 4/27/2026 | V8: 6-May | W8: 15-May | AD8: Correo insitucional rebotó
C9: 3 | D9: Sofia Garcia | E9: Instituto Promoviendo Desarrollo Social-IPRODES | F9: Distrito Judicial: Huánuco | G9: Reunión de reconocimiento | H9: No | I9: Expertos en la temática | J9: Grupo focal de reconocimiento | K9: Grupo focal 2 | L9: Sí | M9: +51 992917139 | N9: No aplica | O9: - Convocar mediante llamada | P9: No | Q9: APOYO | R9: Sí | S9: Sí | T9: Aceptada | U9: 29-Apr | V9: 8-May | W9: 14-May | X9: 20-May | AB9: Completa | AD9: Se envió enlace y consentimiento por whatsapp.
C10: 4 | D10: Sandra Contreras | E10: World Vision | F10: Nacional | G10: Reunión de validación | H10: No | I10: Expertos en la temática | J10: Grupo focal de reconocimiento | K10: Grupo focal 2 | M10: (01) 513-6500 | N10: No aplica | O10: - Convocar mediante llamada | P10: No | Q10: APOYO | S10: Sí | T10: Sin respuesta | U10: 9-Apr | V10: 6-May | AD10: No responden al número.
C11: 5 | D11: Silvia Romero Borda | E11: GIZ | F11: Nacional | G11: Reunión de validación | H11: No | I11: Expertos en la temática | J11: Grupo focal de reconocimiento | K11: Grupo focal 1 | L11: No | M11: silvia.romeroborda@giz.de giz-peru@giz.de +51 1 4229067 | N11: No aplica | O11: - Enviar oficio formal - Confirmar recepción del oficio - Dar seguimiento telefónico | P11: Sí | Q11: IJM | R11: Sí | S11: Sí | T11: Aceptada | U11: 4/27/2026 | V11: 12-May | W11: 14-May | X11: 11-May | AD11: Aceptó para el 11, pero no se conectó.
C12: 6 | D12: Sandy Martinez | E12: GIZ | L12: Sí | M12: sandy.martinez@giz.de 986742519 | T12: Aceptada | X12: 20-May | AB12: Completa | AD12: Se envió enlace y consentimiento por correo. Designada de Silvia Romero. Asesora técnica del proyecto ForSNEJ II
C13: 7 | D13: Lissette Tobar | E13: Fundación Arbol de la Vida | F13: Distrito Judicial: Ucayali | G13: N/A | H13: N/A | I13: Expertos en la temática | J13: Grupo focal de reconocimiento | K13: Grupo focal 2 | M13: +51 (01) 2512724 peru.fondazione@alberodellavita.org | N13: No aplica | O13: - Enviar oficio formal - Confirmar recepción del oficio - Dar seguimiento telefónico | P13: Sí | Q13: IJM | R13: Sí | S13: Sí | T13: Sin respuesta | U13: 4/27/2026 | V13: 6-May | W13: 15-May | AD13: Correo reenviado
C14: 8 | D14: Jenny Dador | E14: Coordinadora de Derechos Humanos | F14: Distrito Judicial: Lima Este | G14: Reunión de reconocimiento | H14: No | I14: Expertos en la temática | J14: Grupo focal de reconocimiento | K14: Grupo focal 1 | M14: 953297789 | N14: No aplica | O14: - Convocar mediante llamada | P14: No | Q14: APOYO | R14: Sí | S14: Sí | T14: Sin respuesta | U14: 29-Apr | V14: 6-May | W14: 14-May | AD14: Para piloto se le contactó por WhatsApp y no respondió. 6/5: Se insisitó contacto, sin respuesta.
C15: 9 | D15: Oscar Andrés Alva Arías | E15: Ministerio de la Mujer | F15: Nacional | G15: Reunión de reconocimiento | H15: No | I15: Actores locales | J15: Grupo focal de reconocimiento | K15: Grupo focal 2 | L15: Sí | M15: +51 981164882 oalva@mimp.gob.pe | N15: mesadepartesdigital@mimp.gob.pe. | O15: - Enviar oficio formal - Confirmar recepción del oficio - Dar seguimiento telefónico a través del punto focal identificado -Confirmar participación | P15: Sí | Q15: IJM | R15: Sí | S15: Sí | T15: Aceptada | U15: 4/27/2026 | X15: 20-May | AB15: Completa | AD15: Se envió enlace y consentimiento por correo.
C16: 10 | D16: Gloria Cano | E16: Asociación Pro Derechos Humanos (APRODEH) | F16: Nacional | G16: N/A | H16: N/A | I16: Actores locales | J16: Grupo focal de reconocimiento | K16: Grupo focal 1 | M16: - Tlf. (01) 424-7057, 431-0482 - Dirección: Jr. Pachacútec 980 – Jesús María - Correo: postmast@aprodeh.org.pe, gloria@aprodeh.org.pe | N16: No aplica | O16: - Enviar correos con convocatoria - Dar seguimiento telefónico | P16: No | Q16: APOYO | R16: Sí | S16: Sí | T16: Sin respuesta | U16: 29-Apr | V16: 6-May | AD16: Solo correo
C17: 11 | D17: Maria Elena Bazan Ponce de Leon | E17: Centros de Acogida Residencial | F17: Distrito Judicial: Lima Norte | G17: Reunión de validación | H17: No | I17: Actores locales | J17: Grupo focal de reconocimiento | K17: Grupo focal 2 | M17: Tlf: 381-7190, 940228242 | N17: car.gracia@inabif.gob.pe | O17: - Convocar mediante llamada | P17: No | Q17: APOYO | R17: Sí | S17: Sí | T17: Sin respuesta | U17: 29-Apr | V17: 6-May | W17: 8-May | AD17: -
C18: 12 | D18: Sara Estela Rivera Almerco | E18: Centros de Acogida Residencial | F18: Distrito Judicial: Huánuco | G18: N/A | H18: N/A | I18: Actores locales | J18: Grupo focal de reconocimiento | K18: Grupo focal 1 | M18: aisanjuanb@gmail.com | N18: 940 314 251 / 942 261 067 (Directora) / 062-561275 sanjuanboscoaldeainfantil@gmail.com | O18: - Enviar correos con convocatoria - Dar seguimiento telefónico | P18: No | Q18: APOYO | R18: Sí | S18: Sí | T18: Sin respuesta | U18: 29-Apr | V18: 6-May | W18: 8-May | AD18: -
C19: 13 | D19: Soledad Chavez Bedoya | E19: Centros de Acogida Residencial | F19: Distrito Judicial: Lima | G19: N/A | H19: N/A | I19: Actores locales | J19: Grupo focal de reconocimiento | K19: Grupo focal 2 | M19: (01) 352-1199 | N19: 01-232-1451 (anexo 17) o 960 812 545 sociedaddebeneficenciahuacho@gmail.com | O19: - Convocar mediante llamada | P19: No | Q19: APOYO | S19: No | T19: Sin respuesta | U19: 8-May | V19: 12-May | W19: 15-May | AD19: -
C20: 14 | D20: Silvia Arteaga | E20: Centros de Acogida Residencial | F20: Distrito Judicial: Lima Este | G20: Reunión de reconocimiento | H20: No | I20: Actores locales | J20: Grupo focal de reconocimiento | K20: Grupo focal 2 | M20: car.sricardo@inabif.gob.pe | N20: 980654143 / 940244602 | O20: - Enviar correos con convocatoria - Dar seguimiento telefónico | P20: No | Q20: APOYO | R20: Sí | S20: Sí | T20: Aceptada | U20: 29-Apr | V20: 6-May | W20: 8-May | X20: 20-May | AD20: Se envió enlace y consentimiento por whatsapp. Solicitó cambio de fecha: del 11 al 20.
C21: 15 | D21: Karolina | E21: Centros de Acogida Residencial | F21: Distrito Judicial: Lima Este | G21: Reunión de reconocimiento | H21: No | I21: Actores locales | J21: Grupo focal de reconocimiento | K21: Grupo focal 2 | M21: car.sricardo@inabif.gob.pe | N21: 933 985 424 | O21: - Enviar correos con convocatoria - Dar seguimiento telefónico | P21: No | Q21: APOYO | R21: Sí | S21: Sí | T21: Aceptada | U21: 11-May | X21: 20-May | AD21: Se envió enlace y consentimiento por whatsapp. Psicóloga del CAR, referida por Silvia.
C22: 16 | D22: Carol Tremont | E22: Asociación Protección Población Vulnerable | F22: Distrito Judicial: Lima | G22: Reunión de reconocimiento | H22: No | I22: Actores locales | J22: Grupo focal de reconocimiento | K22: Grupo focal 2 | M22: info@appv.pe | N22: No aplica | O22: - Enviar correos con convocatoria - Dar seguimiento telefónico | P22: No | Q22: APOYO | R22: Sí | S22: Sí | T22: Sin respuesta | U22: 29-Apr | V22: 6-May | AD22: Solo correo
C23: 17 | D23: Intikilla Eutropía Delgado Castro | E23: Asociación Kallpa | F23: Distrito Judicial: Ayacucho | G23: Entrevista de actores clave | H23: No | I23: Actores locales | J23: Grupo focal de reconocimiento | K23: Grupo focal 1 | M23: https://www.linkedin.com/in/intikilla-eutrop%C3%ADa-delgado-castro-9a585934/ | N23: 51-996-55-83 comunicaciones@kallpa.org.pe, peru@kallpa.org.pe | O23: - Enviar correos con convocatoria - Dar seguimiento telefónico | P23: No | Q23: APOYO | R23: Sí | S23: Sí | T23: Sin respuesta | U23: 29-Apr | V23: 6-May | W23: 8-May | AD23: No responden número ni correo (desde el piloto).
C24: 18 | D24: Rosario Cosar | E24: Asociación Kallpa | F24: Nacional | G24: Reunión de reconocimiento | H24: No | I24: Actores locales | J24: Grupo focal de reconocimiento | K24: Grupo focal 2 | M24: https://www.linkedin.com/in/rosario-cosar-5b3538119/ 51-996-055-083 comunicaciones@kallpa.org.pe, peru@kallpa.org.pe | O24: - Enviar correos con convocatoria - Dar seguimiento telefónico | P24: No | Q24: APOYO | R24: Sí | S24: Sí | T24: Sin respuesta | U24: 29-Apr | V24: 6-May | W24: 8-May | AD24: No responden número ni correo (desde el piloto).
C25: 19 | D25: Lourdes Febres | E25: Acción por los niños | F25: Distrito Judicial: Cajamarca | G25: Reunión de validación | H25: No | I25: Actores locales | J25: Grupo focal de reconocimiento | K25: Grupo focal 2 | L25: Sí | M25: lourdes.febres@accionporlosninos.org.pe 995579501 | N25: No aplica | O25: - Enviar correos con convocatoria | P25: No | Q25: APOYO | R25: Sí | S25: Sí | T25: Aceptada | U25: 29-Apr | V25: 6-May | X25: 20-May | AB25: Completa | AD25: Se envió enlace y consentimiento por correo.
C26: 20 | D26: Magaly Blas | E26: Colegio Médico del Perú | F26: Distrito Judicial: Lima Norte | G26: Reunión de reconocimiento | H26: No | I26: Actores locales | J26: Grupo focal de reconocimiento | K26: Grupo focal 2 | M26: magaly.blas.b@upch.pe | N26: No aplica | O26: - Enviar correos con convocatoria - Dar seguimiento telefónico | P26: No | Q26: APOYO | R26: Sí | S26: Sí | T26: Sin respuesta | U26: 29-Apr | V26: 6-May | AD26: Solo correo
C27: 21 | D27: Gabriela Osco Chuquizuta | E27: Red Interquorum | F27: Nacional | G27: N/A | H27: N/A | I27: Actores locales | J27: Grupo focal de reconocimiento | K27: Grupo focal 1 | M27: redinterquorum@gmail.com | N27: (01) 4418494 | O27: - Enviar correos con convocatoria - Dar seguimiento telefónico | P27: No | Q27: APOYO | R27: Sí | S27: Sí | T27: Sin respuesta | U27: 29-Apr | V27: 6-May | AD27: Solo correo
C28: 22 | D28: Inés Agresott | E28: Mujeres Migrantes Maltratadas | F28: Nacional | G28: N/A | H28: N/A | I28: Actores locales | J28: Grupo focal de reconocimiento | K28: Grupo focal 2 | M28: madresmigrantesextranjerasperu@gmail.com | N28: No aplica | O28: - Enviar correos con convocatoria - Dar seguimiento telefónico | P28: No | Q28: APOYO | R28: Sí | S28: Sí | T28: Sin respuesta | U28: 29-Apr | V28: 6-May | AD28: Solo correo
C29: 23 | D29: Arlette Contreras | E29: Ni una menos | F29: Distrito Judicial: Cusco | G29: Reunión de reconocimiento | H29: No | I29: Actores locales | J29: Grupo focal de reconocimiento | K29: Grupo focal 1 | M29: arlettecontreras@agendamujer.com | N29: No aplica | O29: - Enviar correos con convocatoria - Dar seguimiento telefónico | P29: No | Q29: APOYO | R29: Sí | S29: Sí | T29: Sin respuesta | U29: 29-Apr | V29: 6-May | AD29: Solo correo
C30: 24 | D30: Sandy Evangelista | E30: Familias Unidas Por Justicia: Familiares de Víctimas de Feminicidio | F30: Distrito Judicial: Amazonas | G30: N/A | H30: N/A | I30: Actores locales | J30: Grupo focal de reconocimiento | K30: Grupo focal 2 | L30: Sí | M30: familiasunidasporjusticia@gmail.com | N30: No aplica | O30: - Enviar correos con convocatoria - Dar seguimiento telefónico | P30: No | Q30: APOYO | R30: Sí | S30: Sí | T30: Aceptada | U30: 29-Apr | X30: 20-May | AB30: Completa | AD30: Paola Ricci (Comunicaciones) responidó al correo señalando que la Presidenta es Katherine Flores. Ella ya participó del GF piloto.
C31: 25 | D31: Victoria Pomalaya Trillo | E31: Ministerio Público (Fiscalía) | F31: Distrito Judicial: Ayacucho | G31: Reunión de validación | H31: No | I31: Funcionarios del Sistema | J31: Grupo focal de reconocimiento | K31: Grupo focal 1 | L31: Sí | M31: 945 023 096, 061579750 anexo 3019 vpomalaya@mpfn.gob.pe; victoriapomalaya@gmail.com | N31: mesa_de_partes_gg@mpfn.gob.pe mesadepartes1FSuprP@mpfn.gob.pe | O31: - Enviar oficio formal - Confirmar recepción del oficio - Definir punto focal - Dar seguimiento telefónico | P31: Sí | Q31: IJM | R31: Sí | S31: Sí | T31: Aceptada | U31: 4/27/2026 | V31: 6-May | X31: 11-May | AB31: Completa | AD31: Se envió enlace y consentimiento a correo y/o whatsapp.
C32: 26 | D32: Ulises Requejo | E32: Ministerio Público (Fiscalía) | F32: Distrito Judicial: Ayacucho | G32: N/A | H32: N/A | I32: Funcionarios del Sistema | J32: Grupo focal de reconocimiento | K32: Grupo focal 2 | M32: 997 918 714 | S32: Sí | T32: Aceptada | U32: 5/7/2026 | V32: 8-May | X32: 20-May | AD32: Se envió enlace y consentimiento por Whatsapp. Contacto brindado por Victoria Pomalaya Trillo. Ulises es fiscal de Violencia contra la Mujer y Grupo Familiar.
C33: 27 | D33: Norma Rojas | E33: Ministerio del Interior | F33: Distrito Judicial: Apurímac | G33: Reunión de validación | H33: No | I33: Funcionarios del Sistema | J33: Grupo focal de reconocimiento | K33: Grupo focal 2 | M33: 993819250 | N33: https://sistemas.mininter.gob.pe/mesadepartesdigital/ | O33: - Enviar oficio formal - Confirmar recepción del oficio - Definir punto focal - Dar seguimiento telefónico | P33: Sí | Q33: IJM | R33: Sí | S33: Sí | T33: Rechazada | U33: 4/27/2026 | AD33: Aceptó para el 20 érp camceñp ór salud
C34: 28 | D34: Angel Grimaldo Palacios Trujillo | E34: Centros de Emergencia Mujer | F34: Distrito Judicial: Ucayali | G34: Reunión de reconocimiento | H34: No | I34: Acompañantes | J34: Grupo focal de reconocimiento | K34: Grupo focal 1 | M34: Tlf: 542-0552 asistenciaeconomica@waminam.gob.pe | N34: No aplica | O34: - Enviar oficio formal - Confirmar recepción del oficio - Dar seguimiento telefónico | P34: Sí | Q34: IJM | R34: Sí | S34: Sí | T34: Sin respuesta | U34: 4/27/2026 | V34: 6-May | AD34: Correo reenviado
C35: 29 | D35: Heydy Taype Pérez | E35: Centros de Emergencia Mujer | F35: Distrito Judicial: Huánuco | G35: N/A | H35: N/A | I35: Acompañantes | J35: Grupo focal de reconocimiento | K35: Grupo focal 2 | M35: +51 994833661 | N35: No aplica | O35: - Enviar oficio formal - Confirmar recepción del oficio - Dar seguimiento telefónico | P35: Sí | Q35: IJM | S35: No | T35: Sin respuesta | U35: 6-May | V35: 8-May | AD35: No responde
C36: 30 | D36: Alicia Soledad Cusquisibán Sánchez | E36: Centros de Emergencia Mujer | F36: Distrito Judicial: Cajamarca | G36: N/A | H36: N/A | I36: Acompañantes | J36: Grupo focal de reconocimiento | K36: Grupo focal 1 | M36: Tlf. (066) 364000 '+51 994834045 | N36: No aplica | O36: - Enviar oficio formal - Confirmar recepción del oficio - Dar seguimiento telefónico | P36: Sí | Q36: IJM | S36: No | T36: Sin respuesta | U36: 6-May | V36: 8-May | AD36: No responde
C37: 31 | D37: Blanca Marianela Benites Avalos | E37: Centros de Emergencia Mujer | F37: Distrito Judicial: Cajamarca | G37: N/A | H37: N/A | I37: Acompañantes | J37: Grupo focal de reconocimiento | K37: Grupo focal 2 | M37: +51 994800484 | N37: No aplica | O37: - Enviar oficio formal - Confirmar recepción del oficio - Dar seguimiento telefónico | P37: Sí | Q37: IJM | S37: Sí | T37: Sin respuesta | U37: 6-May | AD37: 6/5: Blanca no es responsable del CEM hace dos años.
C38: 32 | D38: Jose Miguel Chavez Montero | E38: Centros de Emergencia Mujer | F38: Distrito Judicial: Ucayali | G38: N/A | H38: N/A | I38: Acompañantes | J38: Grupo focal de reconocimiento | N38: 994800484, cemucayaliloreto@gmail.com | S38: Sí | T38: En coordinación | U38: 6-May | V38: 8-May | AD38: Contactado a partir de la llamada a Blanca Marianela Benites Avalos.
C39: 33 | D39: Hellen Victoria Ku Yanasupo | E39: Centros de Emergencia Mujer | F39: Distrito Judicial: Lima | G39: N/A | H39: N/A | I39: Acompañantes | J39: Grupo focal de reconocimiento | K39: Grupo focal 1 | M39: hellen.ku@aurora.gob.pe | N39: No aplica | O39: - Enviar oficio formal - Confirmar recepción del oficio - Dar seguimiento telefónico | P39: Sí | Q39: IJM | R39: Sí | S39: Sí | T39: Sin respuesta | U39: 4/27/2026 | V39: 6-May | AD39: Correo reenviado
C40: 34 | D40: Zoila Cabanillas | E40: Wami Ñan | F40: Distrito Judicial: Lima | G40: Reunión de reconocimiento | H40: No | I40: Acompañantes | J40: Grupo focal de reconocimiento | K40: Grupo focal 2 | L40: Sí | M40: zoila.cabanillas@warminam.gob.pe 994581446 | N40: No aplica | O40: - Enviar oficio formal - Confirmar recepción del oficio - Dar seguimiento telefónico a través del punto focal identificado -Confirmar participación | P40: Sí | Q40: IJM | R40: Sí | S40: Sí | T40: Aceptada | U40: 4/27/2026 | V40: 6-May | X40: 20-May | AB40: Completa | AD40: Se envió enlace y consentimiento por correo. Asistirá con Vanessa Díaz (ella asistió al GF presencial).
C41: 35 | D41: Santos Vanessa Díaz Angulo de Loayza | E41: Wami Ñan | F41: Distrito Judicial: Loreto | I41: Acompañantes | K41: Grupo focal 2 | L41: Sí | M41: 927 698 304 vanessa.diaz@warminan.gob.pe | S41: Sí | T41: Aceptada | X41: 20-May | AB41: Completa | AD41: Referida de Zoila. Fue asistente al GF presencial, pero Zoila propuso esta participación.
C42: 36 | D42: Ever Nuñez | E42: Red Nacional de Promoción de la Mujer – RNPM | F42: Distrito Judicial: Sullana | G42: N/A | H42: N/A | I42: Acompañantes | J42: Grupo focal de reconocimiento | K42: Grupo focal 1 | M42: 977256832 rnpmloreto@gmail.com | N42: No aplica | O42: - Enviar correos con convocatoria - Dar seguimiento telefónico | P42: No | Q42: APOYO | R42: Sí | S42: Sí | T42: En coordinación | U42: 29-Apr | V42: 6-May | W42: 8-May | X42: 11-May | AD42: Aceptó para el 11, pero no se conectó. Proponiendo reagenda para el 20.
C43: 37 | D43: Tania Pariona Tarqui | E43: Coordinadora Nacional de Derechos Humanos (CNDDHH) | F43: Distrito Judicial: Huánuco | G43: N/A | H43: N/A | I43: Acompañantes | J43: Grupo focal de reconocimiento | K43: Grupo focal 2 | L43: Sí | M43: - Tlf: +51 992 555 861 tpariona@derechoshumanos.pe | N43: - Correo: info@derechoshumanos.pe | O43: - Enviar correos con convocatoria - Dar seguimiento telefónico | P43: No | Q43: APOYO | R43: Sí | S43: Sí | T43: Aceptada | U43: 29-Apr | V43: 6-May | X43: 20-May | AB43: Completa | AD43: Se envió enlace y consentimiento por correo.
C44: 38 | D44: Sonia Condoria Mitma | E44: Orientadoras Judiciales | F44: Distrito Judicial: Ayacucho | G44: N/A | H44: N/A | I44: Acompañantes | J44: Grupo focal de reconocimiento | K44: Grupo focal 1 | L44: Sí | M44: 995961432 | N44: No aplica | O44: - Realizar llamada de presentación y convocatoria al estudio | P44: No | Q44: APOYO | R44: Sí | S44: Sí | T44: Aceptada | U44: 29-Apr | X44: 11-May | AB44: Completa | AD44: Se envió enlace y consentimiento a correo y/o whatsapp.
C45: 39 | D45: Carmen Rosa Villela Vargas | E45: Orientadoras Judiciales | F45: Distrito Judicial: Lima | G45: Reunión de reconocimiento | H45: No | I45: Acompañantes | J45: Grupo focal de reconocimiento | K45: Grupo focal 2 | M45: 967806708 | N45: No aplica | O45: - Realizar llamada de presentación y convocatoria al estudio | P45: No | Q45: APOYO | R45: Sí | S45: Sí | T45: Sin respuesta | U45: 29-Apr | V45: 6-May | W45: 8-May | AD45: No responde, cuelga.
C46: 40 | D46: Eutropia Ayllon León de Lima Norte | E46: Orientadoras Judiciales | F46: Distrito Judicial: Lima Norte | G46: Reunión de reconocimiento | H46: No | I46: Acompañantes | J46: Grupo focal de reconocimiento | K46: Grupo focal 1 | L46: Sí | M46: 992 275 280 | N46: No aplica | O46: - Realizar llamada de presentación y convocatoria al estudio | P46: No | Q46: APOYO | R46: Sí | S46: Sí | T46: Aceptada | U46: 6-May | X46: 11-May | AB46: Completa | AD46: Se envió enlace y consentimiento a correo y/o whatsapp.
C47: 41 | D47: Irma Milagritos Llontop Vilchez | E47: Defensa Pública | F47: Nacional | G47: Reunión de validación | H47: No | I47: Acompañantes | J47: Grupo focal de reconocimiento | K47: Grupo focal 2 | L47: Sí | M47: illontop@minjus.gob.pe, milagrosllontopv@gmail.com | N47: https://sgd.minjus.gob.pe/sgd-virtual/public/ciudadano/ciudadanoMain.xhtml | O47: - Enviar oficio formal - Confirmar recepción del oficio - Definir punto focal - Dar seguimiento telefónico | P47: Sí | Q47: IJM | R47: Sí | S47: Sí | T47: Aceptada | U47: 4/27/2026 | V47: 13-May | X47: 20-May | AB47: Completa | AD47: Se envió enlace y consentimiento por correo.
C48: 42 | D48: Estela Lozano Reyes | E48: Defensoría del Pueblo | F48: Nacional | G48: Reunión de validación | H48: No | I48: Acompañantes | J48: Grupo focal de reconocimiento | K48: Grupo focal 1 | M48: 950432577 dheredia@defensoria.gob.pe, odcallao@defensoria.gob.pe | N48: https://sgd.defensoria.gob.pe/TramiteVirtual/ | O48: - Enviar oficio formal - Confirmar recepción del oficio - Definir punto focal - Dar seguimiento telefónico | P48: Sí | Q48: IJM | R48: Sí | S48: Sí | T48: En coordinación | U48: 27-Apr | V48: 6-May | W48: 14-May | X48: 11-May | AD48: Aceptó para el 11, pero no se conectó. Proponiendo reagenda para el 20.
C49: 43 | D49: Elga Prado | E49: Manuela Ramos | F49: Nacional | G49: N/A | H49: No | I49: Actores locales | J49: Grupo focal de reconocimiento | K49: Grupo focal 1 | M49: 951 685 605 | O49: - Enviar correos con convocatoria - Dar seguimiento telefónico | P49: No | Q49: IJM | S49: Sí | T49: En coordinación | U49: 5/5/2026 | V49: 14-May | X49: 11-May | AD49: Aceptó para el 11, pero no se conectó. Proponiendo reagenda para el 20.
C50: 44 | D50: Fabiana Rodari | E50: Apurímac ETS | F50: Distrito Judicial: Apurímac | G50: N/A | H50: No | I50: Acompañantes | J50: Grupo focal de reconocimiento | K50: Grupo focal 1 | L50: Sí | M50: - | N50: coord.peru@apurimac.it | O50: - Enviar correos con convocatoria - Dar seguimiento telefónico | P50: No | Q50: IJM | R50: Sí | S50: Sí | T50: Aceptada | U50: 5-May | X50: 11-May | AB50: Completa | AD50: Se envió enlace y consentimiento a correo y/o whatsapp. Contacto directo IJM
C51: 45 | D51: Víctor Canales | E51: Warmi Wasi | F51: Nacional | G51: N/A | H51: No | I51: Actores locales | J51: Grupo focal de reconocimiento | K51: Grupo focal 2 | L51: Sí | M51: 993941429 | O51: - Enviar correos con convocatoria - Dar seguimiento telefónico | P51: No | Q51: IJM | S51: Sí | T51: Aceptada | X51: 20-May | AB51: Completa | AD51: Se envió enlace y consentimiento por whatsapp.
C52: 46 | D52: Patricia Nieto | E52: ONG Buckner | F52: Nacional | G52: N/A | H52: No | I52: Actores locales | J52: Grupo focal de reconocimiento | K52: Grupo focal 2 | L52: Sí | M52: 947 744 634 | O52: - Enviar correos con convocatoria - Dar seguimiento telefónico | P52: No | Q52: IJM | S52: Sí | T52: Aceptada | U52: 8-May | V52: 14-May | X52: 20-May | AB52: Completa | AD52: Se envió enlace y consentimiento por WhatsApp. Contacto brindado por IJM.
C53: 47 | D53: Liz Meléndez López | E53: Centro de la Mujer Peruana Flora Tristán | F53: Distrito Judicial: Lima Norte | G53: N/A | H53: No | I53: Acompañantes | J53: Grupo focal de reconocimiento | K53: Grupo focal 2 | M53: lizmelendez@flora.org.pe | N53: - Tlf: +51 433-1457 - Correo: postmast@flora.org.pe - Dirección: Parque Hernán Velarde Nº 42 Lima, Perú | O53: - Enviar correos con convocatoria - Dar seguimiento telefónico | P53: No | Q53: IJM | R53: Sí | S53: Sí | U53: 15-May
C54: 48 | D54: María Pía Molero | E54: ONU Mujer | F54: Distrito Judicial: Huánuco | G54: N/A | H54: No | I54: Expertos en la temática | J54: Grupo focal de reconocimiento | K54: Grupo focal 2 | M54: mariapia.molero@unwomen.org | O54: - Enviar correos con convocatoria - Dar seguimiento telefónico | P54: No | Q54: IJM | R54: Sí | S54: Sí | U54: 15-May
C55: 49 | D55: Susana Osorio | E55: Save the children | F55: Nacional | G55: N/A | H55: No | I55: Expertos en la temática | J55: Grupo focal de reconocimiento | K55: Grupo focal 2 | M55: susana.osorio@savethechildren.org | N55: - Correo: info.peru@savethechildren.org -Tlf: (511) 422 9292 / | O55: - Enviar correos con convocatoria - Dar seguimiento telefónico | P55: No | Q55: IJM | R55: Sí | S55: Sí | U55: 15-May
C56: 50 | D56: Diana Rodriguez / Antonella Rojas | E56: Save the children | F56: Nacional | G56: N/A | H56: No | I56: Expertos en la temática | J56: Grupo focal de reconocimiento | K56: Grupo focal 2 | M56: Antonella.Rojas@savethechildren.org; diana.rodriguez@savethechildren.org | S56: Sí | T56: Aceptada | U56: 15-May | V56: 18-May | X56: 20-May | AD56: Pendiente enviar enlace cuando Susana Osorio confirmen quién es la participante.
C57: 51 | D57: Gianina Marquez Olivera | E57: Quinta Ola | F57: Nacional | G57: N/A | H57: No | I57: Acompañantes | J57: Grupo focal de reconocimiento | K57: Grupo focal 2 | N57: gianina@quintaola.org | O57: - Enviar correos con convocatoria - Dar seguimiento telefónico | P57: No | Q57: IJM | R57: Sí | S57: Sí | T57: Aceptada | U57: 15-May | X57: 20-May | AD57: Se envió enlace y consentimiento por correo.
C58: 52 | D58: Jimena Chavez | E58: DVV International | F58: Nacional | G58: N/A | H58: No | I58: Actores locales | J58: Grupo focal de reconocimiento | K58: Grupo focal 2 | M58: chavez@dvv-international.edu.pe | O58: - Enviar correos con convocatoria - Dar seguimiento telefónico | P58: No | Q58: IJM | U58: 15-May
C59: 53 | D59: Susana Gonzalez | E59: Asociación de mujeres de Gamarra | F59: Distrito Judicial: Lima Este | G59: N/A | H59: No | I59: Acompañantes | J59: Grupo focal de reconocimiento | K59: Grupo focal 2 | M59: susana.trazamos@hotmail.com | O59: - Enviar correos con convocatoria - Dar seguimiento telefónico | P59: No | Q59: IJM | R59: Sí | S59: Sí | U59: 15-May
C60: 54 | D60: Luisa Martinez | E60: UNICEF | F60: Nacional | G60: N/A | H60: N/A | I60: Expertos en la temática | J60: Grupo focal de reconocimiento | K60: Grupo focal 2 | M60: +51 993509451 lmartinezcornejo@unicef.org | N60: - Tlf: +51 (01) 613-0707 - Correo: lima@unicef.org | O60: - Enviar correos con convocatoria - Dar seguimiento telefónico | P60: No | Q60: IJM | R60: Sí | S60: Sí | U60: 15-May
C61: 55 | D61: Angela Dominguez | E61: CEM | F61: Distrito Judicial: La Libertad | G61: N/A | H61: N/A | I61: Acompañantes | J61: Grupo focal de reconocimiento | K61: Grupo focal 1 | L61: Sí | M61: 998963602 | P61: No | Q61: APOYO | R61: Sí | S61: Sí | T61: Aceptada | U61: 11-May | X61: 11-May | AB61: Completa
C62: 56 | D62: Beatriz Cordova | E62: Quinta Ola | F62: Nacional | G62: N/A | H62: No | I62: Acompañantes | J62: Grupo focal de reconocimiento | K62: Grupo focal 1 | L62: Sí | M62: 965348332 | P62: No | Q62: APOYO | R62: Sí | S62: Sí | T62: Aceptada | U62: 11-May | X62: 11-May | AB62: Completa
C63: 57 | D63: Virginia Rose Losada | E63: OIT | F63: Nacional | G63: N/A | H63: N/A | I63: Expertos en la temática | J63: Grupo focal de reconocimiento | M63: roselosada@ilo.org | P63: No | Q63: APOYO | R63: Sí | S63: Sí | U63: 15-May
C64: 58 | D64: Corali Ormeño Michelena | E64: CARE ONG | F64: Nacional | G64: N/A | H64: N/A | I64: Expertos en la temática | J64: Grupo focal de reconocimiento | M64: cormeno@care.org.pe | P64: No | Q64: APOYO | R64: Sí | S64: Sí | U64: 15-May
C65: 59 | D65: Giannina Castro Gamarra | E65: AMEP | F65: Distrito Judicial: Lima | G65: N/A | H65: N/A | I65: Actores locales | J65: Grupo focal de reconocimiento | M65: presidencia@amep.org.pe | P65: No | Q65: APOYO | R65: Sí | S65: Sí | U65: 15-May
C66: 60 | D66: Carmen Arróspide Poblete | E66: RENAMEE | F66: Distrito Judicial: Cusco | G66: N/A | H66: N/A | I66: Actores locales | J66: Grupo focal de reconocimiento | M66: Kanttuperu@yahoo.es | P66: No | Q66: APOYO | R66: Sí | S66: Sí | U66: 15-May
C67: 61 | D67: Carolina Vera Torres | E67: Docente de la PUCP en temas de Género | F67: Distrito Judicial: Lima | G67: N/A | H67: N/A | I67: Actores locales | J67: Grupo focal de reconocimiento | M67: cavera@minedu.gob.pe | P67: No | Q67: APOYO | R67: Sí | S67: Sí | U67: 15-May
C68: 62 | D68: Elena Reyes | E68: Especialista en Género | F68: Distrito Judicial: Lima | G68: N/A | H68: N/A | I68: Actores locales | J68: Grupo focal de reconocimiento | M68: marielenarm@gmail.com | P68: No | Q68: APOYO | R68: Sí | S68: Sí | U68: 15-May
C69: 63 | D69: Keyland Allca Chacaliaza | E69: Lideranda ORG | F69: Distrito Judicial: Lima | G69: N/A | H69: N/A | I69: Acompañantes | J69: Grupo focal de reconocimiento | M69: k.allca@pucp.edu.pe | P69: No | Q69: APOYO | R69: Sí | S69: Sí | U69: 15-May
C70: 64 | D70: Magaly Ávila | E70: Proetica | F70: Nacional | G70: N/A | H70: N/A | I70: Actores locales | J70: Grupo focal de reconocimiento | M70: mavila@proetica.org.pe | P70: No | Q70: APOYO | R70: Sí | S70: Sí | U70: 15-May
C71: 65 | D71: María Alejandra Saravia Pinazo | E71: Proetica | F71: Distrito Judicial: Lima | K71: Grupo focal 2 | L71: Sí | M71: msaravia@proetica.org.pe | S71: Sí | T71: Aceptada | X71: 20-May | AB71: Completa | AD71: Derivada de Magaly Ávila Especialista. Se envió enlace y consentimiento por correo.
C72: 66 | D72: Adhely Bellido Castro | E72: RED NACIONAL DE JÓVENES PARLAMENTARIOS | F72: Nacional | G72: N/A | H72: N/A | I72: Acompañantes | J72: Grupo focal de reconocimiento | M72: rednacionalpj@gmail.com | P72: No | Q72: APOYO | R72: Sí | S72: Sí | U72: 15-May
C73: 67 | D73: Lourdes Maritza Jesús Soplin Servan | E73: Taller de Estudios Parlamentarios - TAEP | F73: Nacional | G73: N/A | H73: N/A | I73: Actores locales | J73: Grupo focal de reconocimiento | M73: taepunmsm@gmail.com | P73: No | Q73: APOYO | R73: Sí | S73: Sí | U73: 15-May
C74: 68 | D74: Carmen Espinoza | E74: Manuela Ramos | F74: Nacional | G74: N/A | H74: N/A | I74: Actores locales | J74: Grupo focal de reconocimiento | M74: carmen.espinoza@manuela.org.pe | P74: No | Q74: APOYO | R74: Sí | S74: Sí | U74: 15-May

Sheet Sobrevivientes
C1: # | D1: Nombre orientadora judicial | E1: Distrito Judicial | F1: Nombre de sobreviviente | G1: Tipo de sobreviviente | H1: Contacto personal | I1: Encargado | J1: ¿Contactada? | K1: Respuesta | L1: Fecha de primer contacto | M1: Fecha de segundo contacto | N1: Fecha de tercer contacto | O1: Fecha propuesta | P1: Fecha de inicio de actividad | Q1: Fecha de fin de actividad | R1: Modalidad | S1: Resultado | T1: Duración total (min) | U1: Observaciones
B2: Nacional | C2: 1 | D2: Leyden María Capa Barrios | E2: Distrito Judicial: Callao | F2: Zenobia (Señorita) | G2: Sobreviviente | H2: 988 962 782 | J2: No | U2: No es sobreviviente
B3: Nacional | C3: 2 | D3: Leyden María Capa Barrios | E3: Distrito Judicial: Callao | F3: CRISTINA MENDOZA (Lideresa) | G3: Líder sobreviviente | H3: 980 934 848 | J3: No
B4: Nacional | C4: 3 | D4: Leyden María Capa Barrios | E4: Distrito Judicial: Callao | F4: Naidolith Peña (Líder) | G4: Líder sobreviviente | H4: 944 448 603 | J4: No | U4: Caso archivado hace 4 años
B5: Nacional | C5: 4 | D5: Leyden María Capa Barrios | E5: Distrito Judicial: Callao | F5: Martha Quispe | G5: Líder sobreviviente | H5: 931455311 | J5: No
B6: Distrito Judicial: Huánuco | C6: 5 | D6: Líder | E6: Distrito Judicial: Huánuco | G6: Líder sobreviviente | I6: APOYO | J6: Sí | K6: Realizada completa | R6: Presencial | S6: Realizada completa
B7: Distrito Judicial: Huánuco | C7: 6 | D7: Sobreviviente01 | E7: Distrito Judicial: Huánuco | G7: Sobreviviente | I7: APOYO | J7: Sí | K7: Realizada completa | R7: Presencial | S7: Realizada completa
B8: Distrito Judicial: Huánuco | C8: 7 | D8: Sobreviviente02 | E8: Distrito Judicial: Huánuco | G8: Sobreviviente | I8: APOYO | J8: Sí | K8: Realizada completa | R8: Virtual | S8: Realizada completa
B9: Nacional | C9: 8 | D9: Marlene Vivanco | E9: Distrito Judicial: Lima | F9: Federica | G9: Sobreviviente | H9: 926142599 | I9: APOYO | J9: Sí | U9: Hablará con la sobreviviente (tiene 4 meses acompañandola) y me dará una respuesta en la noche. Me pasó el contacto
B10: Distrito Judicial: Apurímac | C10: 9 | D10: Líder | E10: Distrito Judicial: Apurímac | G10: Líder sobreviviente | I10: APOYO | J10: Sí | K10: Realizada completa | R10: Presencial | S10: Realizada completa
B11: Distrito Judicial: Apurímac | C11: 10 | D11: Sobreviviente01 | E11: Distrito Judicial: Apurímac | G11: Sobreviviente | I11: APOYO | J11: Sí | K11: Realizada completa | R11: Presencial | S11: Realizada completa
B12: Distrito Judicial: Apurímac | C12: 11 | D12: Sobreviviente02 | E12: Distrito Judicial: Apurímac | G12: Sobreviviente | I12: APOYO | J12: Sí | K12: Realizada incompleta | R12: Presencial | S12: Realizada incompleta
C13: 12 | D13: Sobreviviente03 | E13: Distrito Judicial: Apurímac | G13: Sobreviviente | K13: Realizada completa | R13: Virtual | S13: Realizada completa
C14: 13 | D14: Líder | E14: Distrito Judicial: Ayacucho | G14: Líder sobreviviente | K14: Realizada completa | R14: Presencial | S14: Realizada completa
C15: 14 | D15: Sobreviviente01 | E15: Distrito Judicial: Ayacucho | G15: Sobreviviente | K15: Realizada completa | R15: Presencial | S15: Realizada completa
C16: 15 | D16: Sobreviviente02 | E16: Distrito Judicial: Ayacucho | G16: Sobreviviente | K16: Realizada completa | R16: Presencial | S16: Realizada completa

Sheet Entrevistas
A1: Identificador | B1: Nombre | C1: Institución | D1: Correo | E1: Número | F1: Otro contacto | G1: Tipo de entrevistas | H1: Tipo de actor | I1: Distrito judicial | J1: Encargado de contacto | K1: Contacto | L1: Fecha de primer contacto | M1: Fecha de segundo contacto | N1: Fecha de tercer contacto | O1: Respuesta del actor | P1: Fecha de inicio de entrevista | Q1: Fecha de fin de entrevista | R1: Resultado | S1: Duración total (min) | T1: Actor considerado inicialmente | U1: Modalidad establecida | V1: Modalidad aplicada | Y1: Observaciones (22102025) | Z1: Observaciones AC
A2: 1 | B2: Edgar Alfredo Rebaza Vargas | C2: Ministerio Público | D2: arebaza@mpfn.gob.pe | G2: Actores clave | H2: Funcionarios | I2: Cajamarca | J2: APOYO | K2: Contactado | L2: 45943 | M2: 45945 | N2: 45946 | O2: Rechazada | R2: No realizada | T2: Sí | U2: Presencial | Y2: Luego del ingreso por Mesa de Partes Virtual, delegaron a Ana Susana Cercado Silva, Fiscal Provincial de la Fiscalia Provincial Corporativa Especailizada en Delitos de Violencia contra las Mujeres y los Integrantes del Grupo Familiar - Cajamrca
A3: =A2+1 | B3: Carmen Miranda Vidaurre | C3: Ministerio Público | D3: cmirandadj@mpfn.gob.pe | G3: Actores clave | H3: Funcionarios | I3: Nacional | J3: APOYO | K3: Contactado | L3: 45943 | M3: 45946 | N3: 45954 | O3: Rechazada | R3: No realizada | T3: Sí | U3: A distancia asistido | Y3: Se ingresó oficio por Mesa de Partes Virtual. Respondieron solicitando información detallada del estudio, incluso compartir instrumentos, e indicando que solo puede tener una duración de 10 minutos.
A4: =A3+1 | B4: Marco de la Cruz Espejo | C4: Ministerio Público | D4: mdelacruzdj@mpfn.gob.pe | G4: Actores clave | H4: Funcionarios | I4: Nacional | J4: APOYO | K4: Contactado | L4: 45943 | M4: 45946 | N4: 45950 | O4: Sin respuesta | R4: No realizada | T4: Sí | U4: Autoadministrado | Y4: Se ingresó oficio por Mesa de Partes Virtual, en seguimiento.
A5: =A4+1 | B5: Karen De Los Milagros Ucañan Cachy | C5: Centros de Acogida Residencial | D5: karen.uc7@hotmail.com | G5: Actores clave | H5: Actores locales | I5: Cajamarca | J5: APOYO | K5: Contactado | L5: 45943 | M5: 45945 | N5: 45946 | O5: Sin respuesta | R5: No realizada | T5: Sí | U5: Presencial | Y5: Pese a que brindó contacto y mostró disposición en la visita presencial, actualmente no responde.
A6: =A5+1 | B6: María Barbara Venemans De Wilde | C6: Centros de Acogida Residencial | D6: alanyasantacruz@loscachorros.nl | G6: Actores clave | H6: Actores locales | I6: Ayacucho | J6: APOYO | K6: Contactado | L6: 45943 | M6: 45945 | N6: 45946 | O6: Rechazada | R6: No realizada | T6: Sí | U6: A distancia asistido | V6: A distancia asistido | Y6: María deriva a Delmir, Área promoción interinstitucional, para realizar entrevista 23/10.
A7: =A6+1 | B7: María Magdalena Resurrección Valdivia | C7: Centros de Acogida Residencial | D7: car.pillcomozo@inabif.gob.pe | G7: Actores clave | H7: Actores locales | I7: Huánuco | J7: APOYO | K7: Contactado | L7: 45943 | M7: 45946 | O7: Realizada | P7: 45946 | Q7: 45946 | R7: Completa | S7: 14 | T7: Sí | U7: Autoadministrado | V7: Autoadministrado | Y7: -
A8: =A7+1 | B8: Angie Vargas | C8: Manuela Ramos | E8: 985 062 650 (Rocío Gutíerrez, directora) | G8: Actores clave | H8: Actores locales | I8: Nacional | J8: IJM | K8: Contactado | L8: 45943 | O8: Sin respuesta | R8: No realizada | T8: Sí | U8: Presencial | Y8: Coordinación directa con IJM.
A9: =A8+1 | B9: Intikilla Delgado | C9: Asociación Kallpa | D9: comunicaciones@kallpa.org.pe | G9: Actores clave | H9: Actores locales | I9: Nacional | J9: APOYO | K9: Contactado | L9: 45943 | O9: Sin respuesta | R9: No realizada | T9: Sí | U9: A distancia asistido | Y9: No se logró contacto por ningun medio, se reemplaza por Kathia Villar de AMAR C, en seguimiento.
A10: =A9+1 | B10: Rosa Peña | C10: Kids Alive | D10: rosa.pena@kidsalive.org | G10: Actores clave | H10: Actores locales | I10: Ucayali | J10: APOYO | K10: Contactado | L10: 45943 | M10: 45946 | N10: 45951 | O10: Realizada | P10: 45951 | Q10: 45951 | R10: Completa | T10: Sí | U10: Autoadministrado | V10: Autoadministrado | Y10: Confirmó participación con IJM, se le envió cuestionario, aun sin respuesta.
A11: =A10+1 | B11: Kelly Sopla Rojas | C11: CEM | D11: kellysopla_obst@yahoo.es | G11: Actores clave | H11: Acompañantes | I11: Lima Norte | J11: APOYO | K11: Contactado | L11: 45943 | M11: 45945 | N11: 45946 | O11: Realizada | P11: 45952 | Q11: 45952 | R11: Completa | T11: Sí | U11: Presencial | V11: A distancia asistido | Y11: Solciitó entrevista "virtual" y a título personal, no como CEM.
A12: =A11+1 | B12: Felix Dulio Sobrado Chavez | C12: CEM | E12: 941526985 | G12: Actores clave | H12: Acompañantes | I12: Huánuco | J12: IJM | K12: Contactado | L12: 45943 | O12: Sin respuesta | R12: No realizada | T12: Sí | U12: A distancia asistido | Y12: Coordinación directa con IJM.
A13: =A12+1 | B13: Silvio Mestanza Dominguez | C13: CEM | D13: silvio.mestanza@aurora.gob.pe | G13: Actores clave | H13: Acompañantes | I13: Loreto | J13: APOYO | K13: Contactado | L13: 45943 | M13: 45946 | N13: 45947 | O13: Sin respuesta | R13: No realizada | T13: Sí | U13: Autoadministrado | Y13: Solicitió ser contactado desde el 21/10, no respondió más, aparentemente bloqueó nuestros números. Se está intentando contacto con responsables del CEM Iquitos o CEM Nauta, como reemplazos.
A14: =A13+1 | B14: Ana Susana Cercado Silva | C14: Ministerio Público | D14: - | E14: - | G14: Actores clave | H14: Funcionarios | I14: Cajamarca | J14: APOYO | K14: Contactado | O14: Realizada | P14: 45964 | Q14: 45964 | R14: Completa | S14: 60 | T14: No | U14: A distancia asistido | V14: A distancia asistido | Y14: Entrevistada fue derivada por Edgar Alfredo Rebaza Vargas
A15: =A14+1 | B15: Luz Esperanza Rumay Cerna | C15: Centros de Acogida Residencial | G15: Actores clave | H15: Actores locales | I15: Cajamarca | J15: APOYO | K15: Contactado | L15: 45950 | M15: 45960 | N15: 45964 | O15: Realizada | P15: 45972 | R15: Completa | T15: No | U15: Presencial | V15: A distancia asistido
A16: =A15+1 | B16: Delmir | C16: Centros de Acogida Residencial | G16: Actores clave | H16: Actores locales | I16: Ayacucho | J16: APOYO | K16: Contactado | L16: 45946 | O16: Realizada | P16: 45953 | Q16: 45953 | R16: Completa | S16: 60 | T16: No | U16: A distancia asistido | V16: A distancia asistido
A17: =A16+1 | B17: Sobreviviente 1 | C17: n.a. | D17: n.a. | E17: n.a. | F17: n.a. | G17: Sobrevivientes y líderes sobrevivientes | H17: Sobreviviente | I17: Apurímac | J17: IJM | K17: Contactado | O17: Realizada | P17: 45951 | Q17: 45951 | R17: Completa | T17: n.a. | U17: Presencial | V17: Presencial
A18: =A17+1 | B18: Sobreviviente 2 | C18: n.a. | D18: n.a. | E18: n.a. | F18: n.a. | G18: Sobrevivientes y líderes sobrevivientes | H18: Sobreviviente | I18: Apurímac | J18: IJM | K18: Contactado | O18: Realizada | P18: 45951 | Q18: 45951 | R18: Completa | T18: n.a. | U18: Presencial | V18: Presencial
A19: =A18+1 | B19: Sobreviviente 3 | C19: n.a. | D19: n.a. | E19: n.a. | F19: n.a. | G19: Sobrevivientes y líderes sobrevivientes | H19: Sobreviviente | I19: Lima Norte | J19: IJM | K19: Contactado | O19: Realizada | P19: 45958 | Q19: 45958 | R19: Completa | T19: n.a. | U19: Presencial | V19: Presencial
A20: =A19+1 | B20: Sobreviviente 4 | C20: n.a. | D20: n.a. | E20: n.a. | F20: n.a. | G20: Sobrevivientes y líderes sobrevivientes | H20: Sobreviviente | I20: Lima Norte | J20: IJM | K20: Contactado | O20: Realizada | P20: 45958 | Q20: 45958 | R20: Completa | T20: n.a. | U20: Presencial | V20: Presencial
A21: =A20+1 | B21: Sobreviviente 5 | C21: n.a. | D21: n.a. | E21: n.a. | F21: n.a. | G21: Sobrevivientes y líderes sobrevivientes | H21: Sobreviviente | I21: Lima Norte | J21: IJM | K21: Contactado | O21: Realizada | P21: 45958 | Q21: 45958 | R21: Completa | T21: n.a. | U21: Presencial | V21: Presencial
A22: =A21+1 | B22: Líder sobreviviente 1 | C22: n.a. | D22: n.a. | E22: n.a. | F22: n.a. | G22: Sobrevivientes y líderes sobrevivientes | H22: Líder sobreviviente | I22: Apurímac | J22: IJM | K22: Contactado | O22: Realizada | P22: 45951 | Q22: 45951 | R22: Completa | T22: n.a. | U22: Presencial | V22: Presencial

Sheet Reunión de validación
A1: Identificador | B1: Tipo de grupo focal | C1: Nombre | D1: Institución | E1: Correo | F1: Número | G1: Otro medio de contacto | H1: Tipo de actor | I1: Distrito judicial | J1: Encargado de contacto | K1: Medio de contacto | L1: Contacto | M1: Fecha de primer contacto | N1: Fecha de segundo contacto | O1: Fecha de tercer contacto | P1: Respuesta del actor | Q1: Fecha de grupo focal | R1: Asistencia al grupo focal | S1: Duración total (min) | T1: Observaciones
A2: 1 | B2: Reunión de validación | C2: Milagritos Llontop | D2: Defensa Pública | E2: illontop@minjus.gob.pe | H2: Instituciones públicas | I2: Nacional | J2: IJM | L2: Contactado | M2: 45943 | P2: Rechazada | Q2: 45959
A3: =A2+1 | B3: Reunión de validación | C3: Victoria Pomalaya Trillo | D3: Ministerio Público | E3: vpomalaya@mpfn.gob.pe; victoriapomalaya@gmail.com | H3: Instituciones públicas | I3: Ucayali | J3: APOYO | L3: Contactado | M3: 45943 | N3: 45947 | O3: 45952 | P3: Rechazada | Q3: 45959 | T3: Indicó disposición. Su disponibilidad cambió por el estado de emergencia y, por lo tanto, incremento de actividades laborales de ella y su equipo completo durante distintos horarios no previstos.
A4: =A3+1 | B4: Reunión de validación | C4: Katherine Olivera Rojas | D4: Programa Aurora | E4: kolivera@aurora.gob.pe | F4: 943602599 | H4: Instituciones públicas | I4: Nacional | J4: APOYO | L4: Contactado | M4: 45943 | N4: 45946 | P4: Aceptada | Q4: 45951 | R4: Asistió | S4: 83
A5: =A4+1 | B5: Reunión de validación | C5: Estela Lozano Reyes | D5: Defensoría del Pueblo | E5: odcallao@defensoria.gob.pe | H5: Instituciones públicas | I5: Nacional | J5: APOYO | L5: Contactado | M5: 45943 | N5: 45947 | P5: Rechazada | Q5: 45959 | T5: En coordinación. Antes era "Delcy Yaniri Heredia". Indicó disposición, pero su disponibilidad cambió por el estado de emergencia y, por lo tanto, incremento de actividades laborales durante distintos horarios no previstos. No tiene a quien derivar.
A6: =A5+1 | B6: Reunión de validación | C6: Beatriz Gamarra | D6: UNICEF | E6: bgamarra@unicef.org | H6: Multilaterales | I6: Nacional | J6: APOYO | L6: Contactado | M6: 45943 | N6: 45946 | P6: Aceptada | Q6: 45951 | R6: Asistió | S6: 83
A7: =A6+1 | B7: Reunión de validación | C7: Amelia Cabrera | D7: World Vision Perú | E7: amelia_cabrera_salazar@wvi.org | H7: Multilaterales | I7: Nacional | J7: APOYO | L7: Contactado | M7: 45943 | N7: 45946 | O7: 45947 | P7: Aceptada | Q7: 45959 | R7: Asistió | S7: 93 | T7: Se complementará con una entrevista para indagar sobre el grupo focal de adolescentes entre lunes 10 y martes 11.
A8: =A7+1 | B8: Reunión de validación | C8: Silvia Romero Borda | D8: GIZ | E8: silvia.romeroborda@giz.de | H8: Multilaterales | I8: Nacional | J8: APOYO | L8: Contactado | M8: 45943 | N8: 45947 | O8: 45954 | P8: Rechazada | Q8: 45959 | T8: Mostró disposición para participar, en horarios que se ajusten a su agenda.
A9: =A8+1 | B9: Reunión de validación | C9: Magaly Arenas Astete | D9: Policía Nacional del Perú | F9: 997588413 | H9: Instituciones públicas | I9: Nacional | J9: IJM | L9: Contactado | M9: 45943 | P9: Aceptada | Q9: 45951 | R9: Asistió | S9: 83
A10: =A9+1 | B10: Reunión de validación | C10: Eric León | D10: Policía Nacional del Perú | F10: 962723949 | H10: Instituciones públicas | I10: Nacional | J10: IJM | L10: Contactado | M10: 45943 | P10: Aceptada | Q10: 45959 | R10: Asistió | S10: 93
A11: =A10+1 | B11: Reunión de validación | C11: Neil Avila | D11: Poder Judicial | F11: 964863586 | H11: Instituciones públicas | I11: Nacional | J11: IJM | L11: Contactado | M11: 45943 | P11: Aceptada | Q11: 45951 | R11: Asistió | S11: 83
A12: =A11+1 | B12: Reunión de validación | C12: Norma Rojas | D12: Ministerio del Interior | F12: 993819250 | H12: Instituciones públicas | I12: Nacional | J12: IJM | L12: Contactado | M12: 45943 | P12: Rechazada | Q12: 45959
A13: =A12+1 | B13: Reunión de validación | C13: Lourdes Febres Chirinos | D13: Acción Por los niños | F13: 995579501 | H13: ONG | I13: Nacional | J13: IJM | L13: Contactado | M13: 45943 | P13: Rechazada | Q13: 45959
A14: =A13+1 | B14: Reunión de validación | C14: Maria Elena Bazán | D14: Centros de Acogida Residencial | F14: 3817190 | H14: Instituciones públicas | I14: Lima Norte | J14: IJM | L14: Contactado | M14: 45943 | P14: Rechazada | Q14: 45959
A15: =A14+1 | B15: Reconocimiento - 1 | C15: Cinthia Navarro | D15: Oxfam | E15: alexandra.alayza@oxfam.org | H15: Multilaterales | I15: Nacional | J15: IJM | K15: Correo | L15: Contactado | P15: Sin respuesta
A16: =A15+1 | B16: Reconocimiento - 1 | C16: Sofía García | D16: IPRODES | E16: comunicaciones@iprodes.org | H16: Multilaterales | I16: Nacional | J16: IJM | K16: Correo | L16: Contactado | P16: Sin respuesta
A17: =A16+1 | B17: Reconocimiento - 1 | C17: Jenny Dador | D17: Coordinadora de Derechos Humanos | F17: 953297789 | H17: ONG | I17: Nacional | J17: IJM | K17: WhatsApp | L17: Contactado | P17: En coordinación | T17: Se encuentra interesada en participar. Volver a consultar disponibilidad.
A18: =A17+1 | B18: Reconocimiento - 1 | C18: Carol Tremont | D18: Asociación Protección Población Vulnerable | E18: info@appv.pe | H18: ONG | I18: Nacional | J18: IJM | K18: Correo (correo no se envió con éxito, por algún problema con su correo institucional) | L18: No contactado | P18: Sin respuesta
A19: =A18+1 | B19: Reconocimiento - 1 | C19: Rosario Cosar | D19: Asociación Kallpa | E19: comunicaciones@kallpa.org.pe | H19: ONG | I19: Lima Norte | J19: IJM | K19: Correo | L19: Contactado | P19: Sin respuesta
A20: =A19+1 | B20: Reconocimiento - 1 | C20: Oscar Andrés Alva Arías | D20: MIMP | E20: mesadepartesdigital@mimp.gob.pe | H20: Instituciones públicas | I20: Nacional | J20: IJM | K20: Correo, carta entregada a la mesa de partes (en trámite) | L20: Contactado | P20: Sin respuesta
A21: =A20+1 | B21: Reconocimiento - 1 | C21: Silvia Arteaga | D21: Centros de Acogida Residencial | E21: car.sricardo@inabif.gob.pe | H21: Instituciones públicas | I21: Lime Este | J21: IJM | K21: Correo | L21: Contactado | P21: Sin respuesta
A22: =A21+1 | B22: Reconocimiento - 1 | C22: Angel Grimaldo Palacios Trujillo | D22: CEM | E22: asistenciaeconomica@waminam.gob.pe | H22: Instituciones públicas | I22: Lima Norte | J22: IJM | K22: Entregada a la mesa de partes (en trámite) | L22: Contactado | P22: Sin respuesta
A23: =A22+1 | B23: Reconocimiento - 1 | C23: Helen Arlene Maza Gonzales | D23: CEM | E23: helen.maza@waminam.gob.pe | H23: Instituciones públicas | I23: Puente Piedra - Ventanilla | J23: IJM | K23: Randall está coordinando por WhatsApp con una empleada del CEM Ventanilla para transmitirla la carta | L23: Contactado | P23: Aceptada | Q23: 46001 | R23: Asistió | S23: 120 | T23: Enviar detalles del GF a su correo
A24: =A23+1 | B24: Reconocimiento - 1 | C24: Magaly Blas | D24: Colegio Médico del Perú | E24: magaly.blas.b@upch.pe | H24: Instituciones públicas | I24: Nacional | J24: IJM | K24: Correo | L24: Contactado | P24: Sin respuesta
A25: =A24+1 | B25: Reconocimiento - 1 | C25: Eutropia Ayllon León de Lima Norte | D25: Orientadora Judicial | F25: 922275280 | H25: Líderes comunitarios | I25: Lima Norte | J25: IJM | K25: WhatsApp | L25: Contactado | P25: Aceptada | Q25: 46001 | R25: No asistió | T25: Enviar detalles del GF a su número celular
A26: =A25+1 | B26: Reconocimiento - 1 | C26: Carmen Rosa Villela Vargas | D26: Orientadora Judicial | F26: 967806708 | H26: Líderes comunitarios | I26: Lima | J26: IJM | K26: WhatsApp | L26: Contactado | P26: Aceptada | Q26: 46001 | R26: No asistió | T26: Enviar detalles del GF a su número celular
A27: =A26+1 | B27: Reconocimiento - 1 | C27: Arlette Contreras | D27: Ni una menos | E27: arlettecontreras@agendamujer.com | H27: Líderes comunitarios | I27: Lima | J27: IJM | K27: Correo | L27: Contactado | P27: Sin respuesta
A28: =A27+1 | B28: Reconocimiento - 1 | C28: Katherine Flores Mendoza | D28: Familias Unidas Por Justicia: Familiares de Víctimas de Feminicidio | E28: familiasunidasporjusticia@gmail.com | F28: 976617075 | H28: Líderes comunitarios | I28: Nacional | J28: IJM | K28: Correo | L28: Contactado | P28: Aceptada | Q28: 46001 | R28: Asistió | S28: 120 | T28: Enviar detalles del GF a su número celular
A29: =A28+1 | B29: Reconocimiento - 1 | C29: Judith Gisella Caruhapoma Ortega | D29: Ministerio Público | E29: mp.1d.1fvcm.ci@mpfn.gob.pe | H29: Instituciones públicas | I29: Lima Norte | J29: IJM | K29: Correo | L29: Contactado | P29: Sin respuesta
A30: =A29+1 | B30: Reconocimiento - 1 | C30: Vanessa Díaz | D30: Wami Ñan | E30: vanessa.diaz@waminam.gob.pe | F30: 927698304 | H30: Instituciones públicas | I30: Lima | J30: IJM | K30: Correo | L30: Contactado | P30: Aceptada | Q30: 46001 | R30: Asistió | S30: 120 | T30: Enviar detalles del GF al correo
A31: =A30+1 | B31: Reconocimiento - 1 | C31: Zoila Cabanillas | D31: Wami Ñan | E31: zoila.cabanillas@waminam.gob.pe | F31: 994581446 | H31: Instituciones públicas | I31: Lima | J31: IJM | K31: Correo | L31: Contactado | P31: Aceptada | Q31: 46001 | R31: No asistió | T31: Enviar detalles del GF al correo

Sheet Listas
A1: Respuestas | B1: Contacto | C1: Distrito Judicial | D1: Asistencia | E1: Tipo de actor (confianza) | F1: Tipo de actor (gf) | G1: Modalidad | H1: Resultado | I1: Slección
A2: Aceptada | B2: Contactado | C2: Lima Norte | D2: Asistió | E2: Funcionarios | F2: Instituciones públicas | G2: Presencial | H2: Completa | I2: Sí
A3: Rechazada | B3: No contactado | C3: Puente Piedra - Ventanilla | D3: No asistió | E3: Actores locales | F3: Multilaterales | G3: A distancia asistido | H3: Incompleta | I3: No
A4: Sin respuesta | C4: Apurímac | D4: Por definir | E4: Acompañantes | F4: ONG | G4: Autoadministrado | H4: No realizada
A5: En coordinación | C5: Huánuco | E5: Multilaterales | F5: Líderes comunitarios | G5: No aplica
C6: Ucayali | E6: Prensa | F6: Otros
C7: Loreto
C8: Cajamarca
C9: Ayacucho
C10: Nacional

Sheet Insumos Dashboard >>

Sheet Dashboard - Entrevistas(0)
A1: Identificador | B1: Nombre | C1: Institución | D1: Tipo de entrevistas | E1: Meta | F1: Tipo de actor | G1: Distrito judicial | H1: Encargado de contacto | I1: Contacto | J1: Fecha de primer contacto | K1: Fecha de segundo contacto | L1: Fecha de tercer contacto | M1: Respuesta del actor | N1: Fecha de inicio de entrevista | O1: Fecha de fin de entrevista | P1: Resultado | Q1: Duración total (min) | R1: Actor considerado inicialmente | S1: Modalidad establecida | T1: Modalidad aplicada | U1: Dummy Contacto | V1: Dummy coordinación | W1: Dummy aceptada | X1: Dummy realizada | Y1: Dummy sin respuesta
A2: =IF(Entrevistas!A2="","",Entrevistas!A2) | B2: =IF(Entrevistas!B2="","",Entrevistas!B2) | C2: =IF(Entrevistas!C2="","",Entrevistas!C2) | D2: =IF(Entrevistas!G2="","",Entrevistas!G2) | E2: =+INDEX(Meta!$C$2:$E$6,MATCH(F2,Meta!$C$2:$C$6,0),2) | F2: =IF(Entrevistas!H2="","",Entrevistas!H2) | G2: =IF(Entrevistas!I2="","",Entrevistas!I2) | H2: =IF(Entrevistas!J2="","",Entrevistas!J2) | I2: =IF(Entrevistas!K2="","",Entrevistas!K2) | J2: =IF(Entrevistas!L2="","",Entrevistas!L2) | K2: =IF(Entrevistas!M2="","",Entrevistas!M2) | L2: =IF(Entrevistas!N2="","",Entrevistas!N2) | M2: =IF(Entrevistas!O2="","",Entrevistas!O2) | ... T2: =IF(Entrevistas!V2="","",Entrevistas!V2) | U2: =IF(I2="Contactado",1,0) | V2: =IF(M2="En coordinación",1,0) | W2: =IF(M2="Aceptada",1,0) | X2: =IF(M2="Realizada",1,0) | Y2: =IF(M2="Sin respuesta",1,0)
A3: =IF(Entrevistas!A3="","",Entrevistas!A3) | B3: =IF(Entrevistas!B3="","",Entrevistas!B3) | C3: =IF(Entrevistas!C3="","",Entrevistas!C3) | D3: =IF(Entrevistas!G3="","",Entrevistas!G3) | E3: =+INDEX(Meta!$C$2:$E$6,MATCH(F3,Meta!$C$2:$C$6,0),2) | F3: =IF(Entrevistas!H3="","",Entrevistas!H3) | G3: =IF(Entrevistas!I3="","",Entrevistas!I3) | H3: =IF(Entrevistas!J3="","",Entrevistas!J3) | I3: =IF(Entrevistas!K3="","",Entrevistas!K3) | J3: =IF(Entrevistas!L3="","",Entrevistas!L3) | K3: =IF(Entrevistas!M3="","",Entrevistas!M3) | L3: =IF(Entrevistas!N3="","",Entrevistas!N3) | M3: =IF(Entrevistas!O3="","",Entrevistas!O3) | ... T3: =IF(Entrevistas!V3="","",Entrevistas!V3) | U3: =IF(I3="Contactado",1,0) | V3: =IF(M3="En coordinación",1,0) | W3: =IF(M3="Aceptada",1,0) | X3: =IF(M3="Realizada",1,0) | Y3: =IF(M3="Sin respuesta",1,0)
A4: =IF(Entrevistas!A4="","",Entrevistas!A4) | B4: =IF(Entrevistas!B4="","",Entrevistas!B4) | C4: =IF(Entrevistas!C4="","",Entrevistas!C4) | D4: =IF(Entrevistas!G4="","",Entrevistas!G4) | E4: =+INDEX(Meta!$C$2:$E$6,MATCH(F4,Meta!$C$2:$C$6,0),2) | F4: =IF(Entrevistas!H4="","",Entrevistas!H4) | G4: =IF(Entrevistas!I4="","",Entrevistas!I4) | H4: =IF(Entrevistas!J4="","",Entrevistas!J4) | I4: =IF(Entrevistas!K4="","",Entrevistas!K4) | J4: =IF(Entrevistas!L4="","",Entrevistas!L4) | K4: =IF(Entrevistas!M4="","",Entrevistas!M4) | L4: =IF(Entrevistas!N4="","",Entrevistas!N4) | M4: =IF(Entrevistas!O4="","",Entrevistas!O4) | ... T4: =IF(Entrevistas!V4="","",Entrevistas!V4) | U4: =IF(I4="Contactado",1,0) | V4: =IF(M4="En coordinación",1,0) | W4: =IF(M4="Aceptada",1,0) | X4: =IF(M4="Realizada",1,0) | Y4: =IF(M4="Sin respuesta",1,0)
A5: =IF(Entrevistas!A5="","",Entrevistas!A5) | B5: =IF(Entrevistas!B5="","",Entrevistas!B5) | C5: =IF(Entrevistas!C5="","",Entrevistas!C5) | D5: =IF(Entrevistas!G5="","",Entrevistas!G5) | E5: =+INDEX(Meta!$C$2:$E$6,MATCH(F5,Meta!$C$2:$C$6,0),2) | F5: =IF(Entrevistas!H5="","",Entrevistas!H5) | G5: =IF(Entrevistas!I5="","",Entrevistas!I5) | H5: =IF(Entrevistas!J5="","",Entrevistas!J5) | I5: =IF(Entrevistas!K5="","",Entrevistas!K5) | J5: =IF(Entrevistas!L5="","",Entrevistas!L5) | K5: =IF(Entrevistas!M5="","",Entrevistas!M5) | L5: =IF(Entrevistas!N5="","",Entrevistas!N5) | M5: =IF(Entrevistas!O5="","",Entrevistas!O5) | ... T5: =IF(Entrevistas!V5="","",Entrevistas!V5) | U5: =IF(I5="Contactado",1,0) | V5: =IF(M5="En coordinación",1,0) | W5: =IF(M5="Aceptada",1,0) | X5: =IF(M5="Realizada",1,0) | Y5: =IF(M5="Sin respuesta",1,0)
A6: =IF(Entrevistas!A6="","",Entrevistas!A6) | B6: =IF(Entrevistas!B6="","",Entrevistas!B6) | C6: =IF(Entrevistas!C6="","",Entrevistas!C6) | D6: =IF(Entrevistas!G6="","",Entrevistas!G6) | E6: =+INDEX(Meta!$C$2:$E$6,MATCH(F6,Meta!$C$2:$C$6,0),2) | F6: =IF(Entrevistas!H6="","",Entrevistas!H6) | G6: =IF(Entrevistas!I6="","",Entrevistas!I6) | H6: =IF(Entrevistas!J6="","",Entrevistas!J6) | I6: =IF(Entrevistas!K6="","",Entrevistas!K6) | J6: =IF(Entrevistas!L6="","",Entrevistas!L6) | K6: =IF(Entrevistas!M6="","",Entrevistas!M6) | L6: =IF(Entrevistas!N6="","",Entrevistas!N6) | M6: =IF(Entrevistas!O6="","",Entrevistas!O6) | ... T6: =IF(Entrevistas!V6="","",Entrevistas!V6) | U6: =IF(I6="Contactado",1,0) | V6: =IF(M6="En coordinación",1,0) | W6: =IF(M6="Aceptada",1,0) | X6: =IF(M6="Realizada",1,0) | Y6: =IF(M6="Sin respuesta",1,0)
A7: =IF(Entrevistas!A7="","",Entrevistas!A7) | B7: =IF(Entrevistas!B7="","",Entrevistas!B7) | C7: =IF(Entrevistas!C7="","",Entrevistas!C7) | D7: =IF(Entrevistas!G7="","",Entrevistas!G7) | E7: =+INDEX(Meta!$C$2:$E$6,MATCH(F7,Meta!$C$2:$C$6,0),2) | F7: =IF(Entrevistas!H7="","",Entrevistas!H7) | G7: =IF(Entrevistas!I7="","",Entrevistas!I7) | H7: =IF(Entrevistas!J7="","",Entrevistas!J7) | I7: =IF(Entrevistas!K7="","",Entrevistas!K7) | J7: =IF(Entrevistas!L7="","",Entrevistas!L7) | K7: =IF(Entrevistas!M7="","",Entrevistas!M7) | L7: =IF(Entrevistas!N7="","",Entrevistas!N7) | M7: =IF(Entrevistas!O7="","",Entrevistas!O7) | ... T7: =IF(Entrevistas!V7="","",Entrevistas!V7) | U7: =IF(I7="Contactado",1,0) | V7: =IF(M7="En coordinación",1,0) | W7: =IF(M7="Aceptada",1,0) | X7: =IF(M7="Realizada",1,0) | Y7: =IF(M7="Sin respuesta",1,0)
A8: =IF(Entrevistas!A8="","",Entrevistas!A8) | B8: =IF(Entrevistas!B8="","",Entrevistas!B8) | C8: =IF(Entrevistas!C8="","",Entrevistas!C8) | D8: =IF(Entrevistas!G8="","",Entrevistas!G8) | E8: =+INDEX(Meta!$C$2:$E$6,MATCH(F8,Meta!$C$2:$C$6,0),2) | F8: =IF(Entrevistas!H8="","",Entrevistas!H8) | G8: =IF(Entrevistas!I8="","",Entrevistas!I8) | H8: =IF(Entrevistas!J8="","",Entrevistas!J8) | I8: =IF(Entrevistas!K8="","",Entrevistas!K8) | J8: =IF(Entrevistas!L8="","",Entrevistas!L8) | K8: =IF(Entrevistas!M8="","",Entrevistas!M8) | L8: =IF(Entrevistas!N8="","",Entrevistas!N8) | M8: =IF(Entrevistas!O8="","",Entrevistas!O8) | ... T8: =IF(Entrevistas!V8="","",Entrevistas!V8) | U8: =IF(I8="Contactado",1,0) | V8: =IF(M8="En coordinación",1,0) | W8: =IF(M8="Aceptada",1,0) | X8: =IF(M8="Realizada",1,0) | Y8: =IF(M8="Sin respuesta",1,0)
A9: =IF(Entrevistas!A9="","",Entrevistas!A9) | B9: =IF(Entrevistas!B9="","",Entrevistas!B9) | C9: =IF(Entrevistas!C9="","",Entrevistas!C9) | D9: =IF(Entrevistas!G9="","",Entrevistas!G9) | E9: =+INDEX(Meta!$C$2:$E$6,MATCH(F9,Meta!$C$2:$C$6,0),2) | F9: =IF(Entrevistas!H9="","",Entrevistas!H9) | G9: =IF(Entrevistas!I9="","",Entrevistas!I9) | H9: =IF(Entrevistas!J9="","",Entrevistas!J9) | I9: =IF(Entrevistas!K9="","",Entrevistas!K9) | J9: =IF(Entrevistas!L9="","",Entrevistas!L9) | K9: =IF(Entrevistas!M9="","",Entrevistas!M9) | L9: =IF(Entrevistas!N9="","",Entrevistas!N9) | M9: =IF(Entrevistas!O9="","",Entrevistas!O9) | ... T9: =IF(Entrevistas!V9="","",Entrevistas!V9) | U9: =IF(I9="Contactado",1,0) | V9: =IF(M9="En coordinación",1,0) | W9: =IF(M9="Aceptada",1,0) | X9: =IF(M9="Realizada",1,0) | Y9: =IF(M9="Sin respuesta",1,0)
A10: =IF(Entrevistas!A10="","",Entrevistas!A10) | B10: =IF(Entrevistas!B10="","",Entrevistas!B10) | C10: =IF(Entrevistas!C10="","",Entrevistas!C10) | D10: =IF(Entrevistas!G10="","",Entrevistas!G10) | E10: =+INDEX(Meta!$C$2:$E$6,MATCH(F10,Meta!$C$2:$C$6,0),2) | F10: =IF(Entrevistas!H10="","",Entrevistas!H10) | G10: =IF(Entrevistas!I10="","",Entrevistas!I10) | H10: =IF(Entrevistas!J10="","",Entrevistas!J10) | I10: =IF(Entrevistas!K10="","",Entrevistas!K10) | J10: =IF(Entrevistas!L10="","",Entrevistas!L10) | K10: =IF(Entrevistas!M10="","",Entrevistas!M10) | L10: =IF(Entrevistas!N10="","",Entrevistas!N10) | M10: =IF(Entrevistas!O10="","",Entrevistas!O10) | ... T10: =IF(Entrevistas!V10="","",Entrevistas!V10) | U10: =IF(I10="Contactado",1,0) | V10: =IF(M10="En coordinación",1,0) | W10: =IF(M10="Aceptada",1,0) | X10: =IF(M10="Realizada",1,0) | Y10: =IF(M10="Sin respuesta",1,0)
A11: =IF(Entrevistas!A11="","",Entrevistas!A11) | B11: =IF(Entrevistas!B11="","",Entrevistas!B11) | C11: =IF(Entrevistas!C11="","",Entrevistas!C11) | D11: =IF(Entrevistas!G11="","",Entrevistas!G11) | E11: =+INDEX(Meta!$C$2:$E$6,MATCH(F11,Meta!$C$2:$C$6,0),2) | F11: =IF(Entrevistas!H11="","",Entrevistas!H11) | G11: =IF(Entrevistas!I11="","",Entrevistas!I11) | H11: =IF(Entrevistas!J11="","",Entrevistas!J11) | I11: =IF(Entrevistas!K11="","",Entrevistas!K11) | J11: =IF(Entrevistas!L11="","",Entrevistas!L11) | K11: =IF(Entrevistas!M11="","",Entrevistas!M11) | L11: =IF(Entrevistas!N11="","",Entrevistas!N11) | M11: =IF(Entrevistas!O11="","",Entrevistas!O11) | ... T11: =IF(Entrevistas!V11="","",Entrevistas!V11) | U11: =IF(I11="Contactado",1,0) | V11: =IF(M11="En coordinación",1,0) | W11: =IF(M11="Aceptada",1,0) | X11: =IF(M11="Realizada",1,0) | Y11: =IF(M11="Sin respuesta",1,0)
A12: =IF(Entrevistas!A12="","",Entrevistas!A12) | B12: =IF(Entrevistas!B12="","",Entrevistas!B12) | C12: =IF(Entrevistas!C12="","",Entrevistas!C12) | D12: =IF(Entrevistas!G12="","",Entrevistas!G12) | E12: =+INDEX(Meta!$C$2:$E$6,MATCH(F12,Meta!$C$2:$C$6,0),2) | F12: =IF(Entrevistas!H12="","",Entrevistas!H12) | G12: =IF(Entrevistas!I12="","",Entrevistas!I12) | H12: =IF(Entrevistas!J12="","",Entrevistas!J12) | I12: =IF(Entrevistas!K12="","",Entrevistas!K12) | J12: =IF(Entrevistas!L12="","",Entrevistas!L12) | K12: =IF(Entrevistas!M12="","",Entrevistas!M12) | L12: =IF(Entrevistas!N12="","",Entrevistas!N12) | M12: =IF(Entrevistas!O12="","",Entrevistas!O12) | ... T12: =IF(Entrevistas!V12="","",Entrevistas!V12) | U12: =IF(I12="Contactado",1,0) | V12: =IF(M12="En coordinación",1,0) | W12: =IF(M12="Aceptada",1,0) | X12: =IF(M12="Realizada",1,0) | Y12: =IF(M12="Sin respuesta",1,0)
A13: =IF(Entrevistas!A13="","",Entrevistas!A13) | B13: =IF(Entrevistas!B13="","",Entrevistas!B13) | C13: =IF(Entrevistas!C13="","",Entrevistas!C13) | D13: =IF(Entrevistas!G13="","",Entrevistas!G13) | E13: =+INDEX(Meta!$C$2:$E$6,MATCH(F13,Meta!$C$2:$C$6,0),2) | F13: =IF(Entrevistas!H13="","",Entrevistas!H13) | G13: =IF(Entrevistas!I13="","",Entrevistas!I13) | H13: =IF(Entrevistas!J13="","",Entrevistas!J13) | I13: =IF(Entrevistas!K13="","",Entrevistas!K13) | J13: =IF(Entrevistas!L13="","",Entrevistas!L13) | K13: =IF(Entrevistas!M13="","",Entrevistas!M13) | L13: =IF(Entrevistas!N13="","",Entrevistas!N13) | M13: =IF(Entrevistas!O13="","",Entrevistas!O13) | ... T13: =IF(Entrevistas!V13="","",Entrevistas!V13) | U13: =IF(I13="Contactado",1,0) | V13: =IF(M13="En coordinación",1,0) | W13: =IF(M13="Aceptada",1,0) | X13: =IF(M13="Realizada",1,0) | Y13: =IF(M13="Sin respuesta",1,0)
... A22: =IF(Entrevistas!A22="","",Entrevistas!A22) | B22: =IF(Entrevistas!B22="","",Entrevistas!B22) | C22: =IF(Entrevistas!C22="","",Entrevistas!C22) | D22: =IF(Entrevistas!G22="","",Entrevistas!G22) | E22: =+INDEX(Meta!$C$2:$E$6,MATCH(F22,Meta!$C$2:$C$6,0),2) | F22: =IF(Entrevistas!H22="","",Entrevistas!H22) | G22: =IF(Entrevistas!I22="","",Entrevistas!I22) | H22: =IF(Entrevistas!J22="","",Entrevistas!J22) | I22: =IF(Entrevistas!K22="","",Entrevistas!K22) | J22: =IF(Entrevistas!L22="","",Entrevistas!L22) | K22: =IF(Entrevistas!M22="","",Entrevistas!M22) | L22: =IF(Entrevistas!N22="","",Entrevistas!N22) | M22: =IF(Entrevistas!O22="","",Entrevistas!O22) | ... T22: =IF(Entrevistas!V22="","",Entrevistas!V22) | U22: =IF(I22="Contactado",1,0) | V22: =IF(M22="En coordinación",1,0) | W22: =IF(M22="Aceptada",1,0) | X22: =IF(M22="Realizada",1,0) | Y22: =IF(M22="Sin respuesta",1,0)

Sheet Dashboard - Reunión(0)
A1: Identificador | B1: Nombre | C1: Tipo de grupo focal | D1: Institución | E1: Tipo de actor | F1: Distrito judicial | G1: Encargado de contacto | H1: Contacto | I1: Fecha de primer contacto | J1: Fecha de segundo contacto | K1: Fecha de tercer contacto | L1: Respuesta del actor | M1: Fecha de grupo focal | N1: Asistencia al grupo focal | O1: Duración total (min) | P1: Dummy considerado inicialmente | Q1: Dummy asistencia | R1: Dummy aceptado
A2: =IF('Reunión de validación'!A2="","",'Reunión de validación'!A2) | B2: =IF('Reunión de validación'!C2="","",'Reunión de validación'!C2) | C2: =+'Reunión de validación'!B2 | D2: =IF('Reunión de validación'!D2="","",'Reunión de validación'!D2) | E2: =IF('Reunión de validación'!H2="","",'Reunión de validación'!H2) | F2: =IF('Reunión de validación'!I2="","",'Reunión de validación'!I2) | G2: =IF('Reunión de validación'!J2="","",'Reunión de validación'!J2) | H2: =IF('Reunión de validación'!L2="","",'Reunión de validación'!L2) | I2: =IF('Reunión de validación'!M2="","",'Reunión de validación'!M2) | J2: =IF('Reunión de validación'!N2="","",'Reunión de validación'!N2) | K2: =IF('Reunión de validación'!O2="","",'Reunión de validación'!O2) | L2: =IF('Reunión de validación'!P2="","",'Reunión de validación'!P2) | M2: =IF('Reunión de validación'!Q2="","",'Reunión de validación'!Q2) | N2: =IF('Reunión de validación'!R2="","",'Reunión de validación'!R2) | O2: =IF('Reunión de validación'!S2="","",'Reunión de validación'!S2) | P2: 1 | Q2: =IF(N2="Asistió",1,0) | R2: =IF(L2="Aceptada",1,0)
A3: =IF('Reunión de validación'!A3="","",'Reunión de validación'!A3) | B3: =IF('Reunión de validación'!C3="","",'Reunión de validación'!C3) | C3: =+'Reunión de validación'!B3 | D3: =IF('Reunión de validación'!D3="","",'Reunión de validación'!D3) | E3: =IF('Reunión de validación'!H3="","",'Reunión de validación'!H3) | F3: =IF('Reunión de validación'!I3="","",'Reunión de validación'!I3) | G3: =IF('Reunión de validación'!J3="","",'Reunión de validación'!J3) | H3: =IF('Reunión de validación'!L3="","",'Reunión de validación'!L3) | I3: =IF('Reunión de validación'!M3="","",'Reunión de validación'!M3) | J3: =IF('Reunión de validación'!N3="","",'Reunión de validación'!N3) | K3: =IF('Reunión de validación'!O3="","",'Reunión de validación'!O3) | L3: =IF('Reunión de validación'!P3="","",'Reunión de validación'!P3) | M3: =IF('Reunión de validación'!Q3="","",'Reunión de validación'!Q3) | N3: =IF('Reunión de validación'!R3="","",'Reunión de validación'!R3) | O3: =IF('Reunión de validación'!S3="","",'Reunión de validación'!S3) | P3: 1 | Q3: =IF(N3="Asistió",1,0) | R3: =IF(L3="Aceptada",1,0)
A4: =IF('Reunión de validación'!A4="","",'Reunión de validación'!A4) | B4: =IF('Reunión de validación'!C4="","",'Reunión de validación'!C4) | C4: =+'Reunión de validación'!B4 | D4: =IF('Reunión de validación'!D4="","",'Reunión de validación'!D4) | E4: =IF('Reunión de validación'!H4="","",'Reunión de validación'!H4) | F4: =IF('Reunión de validación'!I4="","",'Reunión de validación'!I4) | G4: =IF('Reunión de validación'!J4="","",'Reunión de validación'!J4) | H4: =IF('Reunión de validación'!L4="","",'Reunión de validación'!L4) | I4: =IF('Reunión de validación'!M4="","",'Reunión de validación'!M4) | J4: =IF('Reunión de validación'!N4="","",'Reunión de validación'!N4) | K4: =IF('Reunión de validación'!O4="","",'Reunión de validación'!O4) | L4: =IF('Reunión de validación'!P4="","",'Reunión de validación'!P4) | M4: =IF('Reunión de validación'!Q4="","",'Reunión de validación'!Q4) | N4: =IF('Reunión de validación'!R4="","",'Reunión de validación'!R4) | O4: =IF('Reunión de validación'!S4="","",'Reunión de validación'!S4) | P4: 1 | Q4: =IF(N4="Asistió",1,0) | R4: =IF(L4="Aceptada",1,0)
A5: =IF('Reunión de validación'!A5="","",'Reunión de validación'!A5) | B5: =IF('Reunión de validación'!C5="","",'Reunión de validación'!C5) | C5: =+'Reunión de validación'!B5 | D5: =IF('Reunión de validación'!D5="","",'Reunión de validación'!D5) | E5: =IF('Reunión de validación'!H5="","",'Reunión de validación'!H5) | F5: =IF('Reunión de validación'!I5="","",'Reunión de validación'!I5) | G5: =IF('Reunión de validación'!J5="","",'Reunión de validación'!J5) | H5: =IF('Reunión de validación'!L5="","",'Reunión de validación'!L5) | I5: =IF('Reunión de validación'!M5="","",'Reunión de validación'!M5) | J5: =IF('Reunión de validación'!N5="","",'Reunión de validación'!N5) | K5: =IF('Reunión de validación'!O5="","",'Reunión de validación'!O5) | L5: =IF('Reunión de validación'!P5="","",'Reunión de validación'!P5) | M5: =IF('Reunión de validación'!Q5="","",'Reunión de validación'!Q5) | N5: =IF('Reunión de validación'!R5="","",'Reunión de validación'!R5) | O5: =IF('Reunión de validación'!S5="","",'Reunión de validación'!S5) | P5: 1 | Q5: =IF(N5="Asistió",1,0) | R5: =IF(L5="Aceptada",1,0)
A6: =IF('Reunión de validación'!A6="","",'Reunión de validación'!A6) | B6: =IF('Reunión de validación'!C6="","",'Reunión de validación'!C6) | C6: =+'Reunión de validación'!B6 | D6: =IF('Reunión de validación'!D6="","",'Reunión de validación'!D6) | E6: =IF('Reunión de validación'!H6="","",'Reunión de validación'!H6) | F6: =IF('Reunión de validación'!I6="","",'Reunión de validación'!I6) | G6: =IF('Reunión de validación'!J6="","",'Reunión de validación'!J6) | H6: =IF('Reunión de validación'!L6="","",'Reunión de validación'!L6) | I6: =IF('Reunión de validación'!M6="","",'Reunión de validación'!M6) | J6: =IF('Reunión de validación'!N6="","",'Reunión de validación'!N6) | K6: =IF('Reunión de validación'!O6="","",'Reunión de validación'!O6) | L6: =IF('Reunión de validación'!P6="","",'Reunión de validación'!P6) | M6: =IF('Reunión de validación'!Q6="","",'Reunión de validación'!Q6) | N6: =IF('Reunión de validación'!R6="","",'Reunión de validación'!R6) | O6: =IF('Reunión de validación'!S6="","",'Reunión de validación'!S6) | P6: 1 | Q6: =IF(N6="Asistió",1,0) | R6: =IF(L6="Aceptada",1,0)
A7: =IF('Reunión de validación'!A7="","",'Reunión de validación'!A7) | B7: =IF('Reunión de validación'!C7="","",'Reunión de validación'!C7) | C7: =+'Reunión de validación'!B7 | D7: =IF('Reunión de validación'!D7="","",'Reunión de validación'!D7) | E7: =IF('Reunión de validación'!H7="","",'Reunión de validación'!H7) | F7: =IF('Reunión de validación'!I7="","",'Reunión de validación'!I7) | G7: =IF('Reunión de validación'!J7="","",'Reunión de validación'!J7) | H7: =IF('Reunión de validación'!L7="","",'Reunión de validación'!L7) | I7: =IF('Reunión de validación'!M7="","",'Reunión de validación'!M7) | J7: =IF('Reunión de validación'!N7="","",'Reunión de validación'!N7) | K7: =IF('Reunión de validación'!O7="","",'Reunión de validación'!O7) | L7: =IF('Reunión de validación'!P7="","",'Reunión de validación'!P7) | M7: =IF('Reunión de validación'!Q7="","",'Reunión de validación'!Q7) | N7: =IF('Reunión de validación'!R7="","",'Reunión de validación'!R7) | O7: =IF('Reunión de validación'!S7="","",'Reunión de validación'!S7) | P7: 1 | Q7: =IF(N7="Asistió",1,0) | R7: =IF(L7="Aceptada",1,0)
A8: =IF('Reunión de validación'!A8="","",'Reunión de validación'!A8) | B8: =IF('Reunión de validación'!C8="","",'Reunión de validación'!C8) | C8: =+'Reunión de validación'!B8 | D8: =IF('Reunión de validación'!D8="","",'Reunión de validación'!D8) | E8: =IF('Reunión de validación'!H8="","",'Reunión de validación'!H8) | F8: =IF('Reunión de validación'!I8="","",'Reunión de validación'!I8) | G8: =IF('Reunión de validación'!J8="","",'Reunión de validación'!J8) | H8: =IF('Reunión de validación'!L8="","",'Reunión de validación'!L8) | I8: =IF('Reunión de validación'!M8="","",'Reunión de validación'!M8) | J8: =IF('Reunión de validación'!N8="","",'Reunión de validación'!N8) | K8: =IF('Reunión de validación'!O8="","",'Reunión de validación'!O8) | L8: =IF('Reunión de validación'!P8="","",'Reunión de validación'!P8) | M8: =IF('Reunión de validación'!Q8="","",'Reunión de validación'!Q8) | N8: =IF('Reunión de validación'!R8="","",'Reunión de validación'!R8) | O8: =IF('Reunión de validación'!S8="","",'Reunión de validación'!S8) | P8: 1 | Q8: =IF(N8="Asistió",1,0) | R8: =IF(L8="Aceptada",1,0)
A9: =IF('Reunión de validación'!A9="","",'Reunión de validación'!A9) | B9: =IF('Reunión de validación'!C9="","",'Reunión de validación'!C9) | C9: =+'Reunión de validación'!B9 | D9: =IF('Reunión de validación'!D9="","",'Reunión de validación'!D9) | E9: =IF('Reunión de validación'!H9="","",'Reunión de validación'!H9) | F9: =IF('Reunión de validación'!I9="","",'Reunión de validación'!I9) | G9: =IF('Reunión de validación'!J9="","",'Reunión de validación'!J9) | H9: =IF('Reunión de validación'!L9="","",'Reunión de validación'!L9) | I9: =IF('Reunión de validación'!M9="","",'Reunión de validación'!M9) | J9: =IF('Reunión de validación'!N9="","",'Reunión de validación'!N9) | K9: =IF('Reunión de validación'!O9="","",'Reunión de validación'!O9) | L9: =IF('Reunión de validación'!P9="","",'Reunión de validación'!P9) | M9: =IF('Reunión de validación'!Q9="","",'Reunión de validación'!Q9) | N9: =IF('Reunión de validación'!R9="","",'Reunión de validación'!R9) | O9: =IF('Reunión de validación'!S9="","",'Reunión de validación'!S9) | P9: 1 | Q9: =IF(N9="Asistió",1,0) | R9: =IF(L9="Aceptada",1,0)
A10: =IF('Reunión de validación'!A10="","",'Reunión de validación'!A10) | B10: =IF('Reunión de validación'!C10="","",'Reunión de validación'!C10) | C10: =+'Reunión de validación'!B10 | D10: =IF('Reunión de validación'!D10="","",'Reunión de validación'!D10) | E10: =IF('Reunión de validación'!H10="","",'Reunión de validación'!H10) | F10: =IF('Reunión de validación'!I10="","",'Reunión de validación'!I10) | G10: =IF('Reunión de validación'!J10="","",'Reunión de validación'!J10) | H10: =IF('Reunión de validación'!L10="","",'Reunión de validación'!L10) | I10: =IF('Reunión de validación'!M10="","",'Reunión de validación'!M10) | J10: =IF('Reunión de validación'!N10="","",'Reunión de validación'!N10) | K10: =IF('Reunión de validación'!O10="","",'Reunión de validación'!O10) | L10: =IF('Reunión de validación'!P10="","",'Reunión de validación'!P10) | M10: =IF('Reunión de validación'!Q10="","",'Reunión de validación'!Q10) | N10: =IF('Reunión de validación'!R10="","",'Reunión de validación'!R10) | O10: =IF('Reunión de validación'!S10="","",'Reunión de validación'!S10) | P10: 1 | Q10: =IF(N10="Asistió",1,0) | R10: =IF(L10="Aceptada",1,0)
A11: =IF('Reunión de validación'!A11="","",'Reunión de validación'!A11) | B11: =IF('Reunión de validación'!C11="","",'Reunión de validación'!C11) | C11: =+'Reunión de validación'!B11 | D11: =IF('Reunión de validación'!D11="","",'Reunión de validación'!D11) | E11: =IF('Reunión de validación'!H11="","",'Reunión de validación'!H11) | F11: =IF('Reunión de validación'!I11="","",'Reunión de validación'!I11) | G11: =IF('Reunión de validación'!J11="","",'Reunión de validación'!J11) | H11: =IF('Reunión de validación'!L11="","",'Reunión de validación'!L11) | I11: =IF('Reunión de validación'!M11="","",'Reunión de validación'!M11) | J11: =IF('Reunión de validación'!N11="","",'Reunión de validación'!N11) | K11: =IF('Reunión de validación'!O11="","",'Reunión de validación'!O11) | L11: =IF('Reunión de validación'!P11="","",'Reunión de validación'!P11) | M11: =IF('Reunión de validación'!Q11="","",'Reunión de validación'!Q11) | N11: =IF('Reunión de validación'!R11="","",'Reunión de validación'!R11) | O11: =IF('Reunión de validación'!S11="","",'Reunión de validación'!S11) | P11: 1 | Q11: =IF(N11="Asistió",1,0) | R11: =IF(L11="Aceptada",1,0)
A12: =IF('Reunión de validación'!A12="","",'Reunión de validación'!A12) | B12: =IF('Reunión de validación'!C12="","",'Reunión de validación'!C12) | C12: =+'Reunión de validación'!B12 | D12: =IF('Reunión de validación'!D12="","",'Reunión de validación'!D12) | E12: =IF('Reunión de validación'!H12="","",'Reunión de validación'!H12) | F12: =IF('Reunión de validación'!I12="","",'Reunión de validación'!I12) | G12: =IF('Reunión de validación'!J12="","",'Reunión de validación'!J12) | H12: =IF('Reunión de validación'!L12="","",'Reunión de validación'!L12) | I12: =IF('Reunión de validación'!M12="","",'Reunión de validación'!M12) | J12: =IF('Reunión de validación'!N12="","",'Reunión de validación'!N12) | K12: =IF('Reunión de validación'!O12="","",'Reunión de validación'!O12) | L12: =IF('Reunión de validación'!P12="","",'Reunión de validación'!P12) | M12: =IF('Reunión de validación'!Q12="","",'Reunión de validación'!Q12) | N12: =IF('Reunión de validación'!R12="","",'Reunión de validación'!R12) | O12: =IF('Reunión de validación'!S12="","",'Reunión de validación'!S12) | P12: 1 | Q12: =IF(N12="Asistió",1,0) | R12: =IF(L12="Aceptada",1,0)
A13: =IF('Reunión de validación'!A13="","",'Reunión de validación'!A13) | B13: =IF('Reunión de validación'!C13="","",'Reunión de validación'!C13) | C13: =+'Reunión de validación'!B13 | D13: =IF('Reunión de validación'!D13="","",'Reunión de validación'!D13) | E13: =IF('Reunión de validación'!H13="","",'Reunión de validación'!H13) | F13: =IF('Reunión de validación'!I13="","",'Reunión de validación'!I13) | G13: =IF('Reunión de validación'!J13="","",'Reunión de validación'!J13) | H13: =IF('Reunión de validación'!L13="","",'Reunión de validación'!L13) | I13: =IF('Reunión de validación'!M13="","",'Reunión de validación'!M13) | J13: =IF('Reunión de validación'!N13="","",'Reunión de validación'!N13) | K13: =IF('Reunión de validación'!O13="","",'Reunión de validación'!O13) | L13: =IF('Reunión de validación'!P13="","",'Reunión de validación'!P13) | M13: =IF('Reunión de validación'!Q13="","",'Reunión de validación'!Q13) | N13: =IF('Reunión de validación'!R13="","",'Reunión de validación'!R13) | O13: =IF('Reunión de validación'!S13="","",'Reunión de validación'!S13) | P13: 1 | Q13: =IF(N13="Asistió",1,0) | R13: =IF(L13="Aceptada",1,0)
... A31: =IF('Reunión de validación'!A31="","",'Reunión de validación'!A31) | B31: =IF('Reunión de validación'!C31="","",'Reunión de validación'!C31) | C31: =+'Reunión de validación'!B31 | D31: =IF('Reunión de validación'!D31="","",'Reunión de validación'!D31) | E31: =IF('Reunión de validación'!H31="","",'Reunión de validación'!H31) | F31: =IF('Reunión de validación'!I31="","",'Reunión de validación'!I31) | G31: =IF('Reunión de validación'!J31="","",'Reunión de validación'!J31) | H31: =IF('Reunión de validación'!L31="","",'Reunión de validación'!L31) | I31: =IF('Reunión de validación'!M31="","",'Reunión de validación'!M31) | J31: =IF('Reunión de validación'!N31="","",'Reunión de validación'!N31) | K31: =IF('Reunión de validación'!O31="","",'Reunión de validación'!O31) | L31: =IF('Reunión de validación'!P31="","",'Reunión de validación'!P31) | M31: =IF('Reunión de validación'!Q31="","",'Reunión de validación'!Q31) | N31: =IF('Reunión de validación'!R31="","",'Reunión de validación'!R31) | O31: =IF('Reunión de validación'!S31="","",'Reunión de validación'!S31) | P31: 18 | Q31: =IF(N31="Asistió",1,0) | R31: =IF(L31="Aceptada",1,0)

Sheet Dashboard - Entrevistas
A1: Identificador | B1: Nombre | C1: Institución | D1: Tipo de entrevistas | E1: Tipo de actor | F1: Distrito judicial | G1: Encargado de contacto | H1: Contacto | I1: Fecha de primer contacto | J1: Fecha de segundo contacto | K1: Fecha de tercer contacto | L1: Respuesta del actor | M1: Fecha de inicio de entrevista | N1: Fecha de fin de entrevista | O1: Resultado | P1: Duración total (min) | Q1: Modalidad | R1: Dummy Contacto | S1: Dummy coordinación | T1: Dummy aceptada | U1: Dummy realizada | V1: Dummy sin respuesta
A2: {=+IF('Seguimiento entrevistas'!$C$6:$C$999<>"",'Seguimiento entrevistas'!$C$6:$C$999,"")} | B2: {=+IF('Seguimiento entrevistas'!D6:D999<>"",'Seguimiento entrevistas'!D6:D999,"")} | C2: {=+IF('Seguimiento entrevistas'!E6:E999<>"",'Seguimiento entrevistas'!E6:E999,"")} | D2: {=+IF('Seguimiento entrevistas'!L6:L999<>"",'Seguimiento entrevistas'!L6:L999,"")} | E2: {=+IF('Seguimiento entrevistas'!I6:I999<>"",'Seguimiento entrevistas'!I6:I999,"")} | F2: {=+IF('Seguimiento entrevistas'!B6:B999<>"",'Seguimiento entrevistas'!B6:B999,"")} | G2: {=+IF('Seguimiento entrevistas'!R6:R999<>"",'Seguimiento entrevistas'!R6:R999,"")} | H2: {=+IF('Seguimiento entrevistas'!T6:T999<>"",'Seguimiento entrevistas'!T6:T999,"")} | I2: {=+IF('Seguimiento entrevistas'!V6:V999<>"",'Seguimiento entrevistas'!V6:V999,"")} | J2: {=+IF('Seguimiento entrevistas'!W6:W999<>"",'Seguimiento entrevistas'!W6:W999,"")} | K2: {=+IF('Seguimiento entrevistas'!X6:X999<>"",'Seguimiento entrevistas'!X6:X999,"")} | L2: {=+IF('Seguimiento entrevistas'!U6:U999<>"",'Seguimiento entrevistas'!U6:U999,"")} | M2: {=+IF('Seguimiento entrevistas'!Z6:Z999<>"",'Seguimiento entrevistas'!Z6:Z999,"")} | N2: {=+IF('Seguimiento entrevistas'!AA6:AA999<>"",'Seguimiento entrevistas'!AA6:AA999,"")} | O2: {=+IF('Seguimiento entrevistas'!U6:U999<>"",'Seguimiento entrevistas'!U6:U999,"")} | P2: {=+IF('Seguimiento entrevistas'!AC6:AC999<>"",'Seguimiento entrevistas'!AC6:AC999,"")} | Q2: {=+IF('Seguimiento entrevistas'!AB6:AB999<>"",'Seguimiento entrevistas'!AB6:AB999,"")} | R2: =IF(H2="Sí",1,0) | S2: =IF(L2="En coordinación",1,0) | T2: =IF(L2="Aceptada",1,0) | U2: =IF(OR(L2="Realizada completa",L2="Realizada incompleta"),1,0) | V2: =IF(L2="Sin respuesta",1,0)
A3: 2 | B3: Isabel López Meza | C3: Paz y esperanza | D3: Entrevista de actores clave | E3: Expertos en la temática | F3: Nacional | G3: IJM | H3: No | L3: No válida | O3: No válida | R3: =IF(H3="Sí",1,0) | S3: =IF(L3="En coordinación",1,0) | T3: =IF(L3="Aceptada",1,0) | U3: =IF(OR(L3="Realizada completa",L3="Realizada incompleta"),1,0) | V3: =IF(L3="Sin respuesta",1,0)
A4: 3 | B4: Víctor García | C4: Plan International | D4: Entrevista de actores clave | E4: Expertos en la temática | F4: Nacional | G4: IJM | H4: Sí | I4: 5/5/2026 | J4: 6/11/2026 | L4: Sin respuesta | O4: Sin respuesta | R4: =IF(H4="Sí",1,0) | S4: =IF(L4="En coordinación",1,0) | T4: =IF(L4="Aceptada",1,0) | U4: =IF(OR(L4="Realizada completa",L4="Realizada incompleta"),1,0) | V4: =IF(L4="Sin respuesta",1,0)
A5: 4 | B5: Marlene Molero Suárez | C5: Care Perú | D5: Entrevista de actores clave | E5: Expertos en la temática | F5: Nacional | G5: IJM | H5: No | I5: 3/19/2026 | R5: =IF(H5="Sí",1,0) | S5: =IF(L5="En coordinación",1,0) | T5: =IF(L5="Aceptada",1,0) | U5: =IF(OR(L5="Realizada completa",L5="Realizada incompleta"),1,0) | V5: =IF(L5="Sin respuesta",1,0)
A6: 5 | B6: Marilú Martens Cortés | C6: Care Perú | D6: Entrevista de actores clave | E6: Expertos en la temática | F6: Nacional | G6: IJM | H6: Sí | I6: 3/19/2026 | L6: Sin respuesta | O6: Sin respuesta | R6: =IF(H6="Sí",1,0) | S6: =IF(L6="En coordinación",1,0) | T6: =IF(L6="Aceptada",1,0) | U6: =IF(OR(L6="Realizada completa",L6="Realizada incompleta"),1,0) | V6: =IF(L6="Sin respuesta",1,0)
A7: 6 | B7: Rafael Casas | C7: Aldeas Infantiles SOS | D7: Entrevista de actores clave | E7: Expertos en la temática | F7: Nacional | G7: IJM | H7: Sí | I7: 3/19/2026 | J7: 3/23/2026 | L7: Realizada completa | M7: 8-May | N7: 8-May | O7: Realizada completa | P7: 45 | Q7: A distancia asistido | R7: =IF(H7="Sí",1,0) | S7: =IF(L7="En coordinación",1,0) | T7: =IF(L7="Aceptada",1,0) | U7: =IF(OR(L7="Realizada completa",L7="Realizada incompleta"),1,0) | V7: =IF(L7="Sin respuesta",1,0)
A8: 7 | B8: Sonia Gleci Frisancho Pacheco | C8: Aldeas Infantiles SOS | D8: Entrevista de actores clave | E8: Expertos en la temática | F8: Nacional | G8: IJM | H8: No | I8: 3/19/2026 | R8: =IF(H8="Sí",1,0) | S8: =IF(L8="En coordinación",1,0) | T8: =IF(L8="Aceptada",1,0) | U8: =IF(OR(L8="Realizada completa",L8="Realizada incompleta"),1,0) | V8: =IF(L8="Sin respuesta",1,0)
A9: 8 | B9: Alejandra Saffon | C9: Organización para la Cooperación y el Desarrollo Económico | D9: Entrevista de actores clave | E9: Expertos en la temática | F9: Nacional | G9: IJM | H9: No | I9: 3/23/2026 | R9: =IF(H9="Sí",1,0) | S9: =IF(L9="En coordinación",1,0) | T9: =IF(L9="Aceptada",1,0) | U9: =IF(OR(L9="Realizada completa",L9="Realizada incompleta"),1,0) | V9: =IF(L9="Sin respuesta",1,0)
A10: 9 | B10: Elena Portilla Odlianitskaya | C10: Organización para la Cooperación y el Desarrollo Económico | D10: Entrevista de actores clave | E10: Expertos en la temática | F10: Nacional | G10: IJM | H10: No | R10: =IF(H10="Sí",1,0) | S10: =IF(L10="En coordinación",1,0) | T10: =IF(L10="Aceptada",1,0) | U10: =IF(OR(L10="Realizada completa",L10="Realizada incompleta"),1,0) | V10: =IF(L10="Sin respuesta",1,0)
A11: 10 | B11: Alejandra Alayza | C11: Oxfam | D11: Entrevista de actores clave | E11: Expertos en la temática | F11: Nacional | G11: IJM | H11: No | R11: =IF(H11="Sí",1,0) | S11: =IF(L11="En coordinación",1,0) | T11: =IF(L11="Aceptada",1,0) | U11: =IF(OR(L11="Realizada completa",L11="Realizada incompleta"),1,0) | V11: =IF(L11="Sin respuesta",1,0)
A12: 11 | B12: Miguel Lévano | C12: Oxfam | D12: Entrevista de actores clave | E12: Expertos en la temática | F12: Nacional | G12: IJM | H12: No | R12: =IF(H12="Sí",1,0) | S12: =IF(L12="En coordinación",1,0) | T12: =IF(L12="Aceptada",1,0) | U12: =IF(OR(L12="Realizada completa",L12="Realizada incompleta"),1,0) | V12: =IF(L12="Sin respuesta",1,0)
A13: 12 | B13: Esteban Caballero | C13: UNFPA | D13: Entrevista de actores clave | E13: Expertos en la temática | F13: Distrito Judicial: Ucayali | G13: IJM | H13: No | I13: 3/23/2026 | R13: =IF(H13="Sí",1,0) | S13: =IF(L13="En coordinación",1,0) | T13: =IF(L13="Aceptada",1,0) | U13: =IF(OR(L13="Realizada completa",L13="Realizada incompleta"),1,0) | V13: =IF(L13="Sin respuesta",1,0)
A14: 13 | B14: Hugo González Coltrinari | C14: UNFPA | D14: Entrevista de actores clave | E14: Expertos en la temática | F14: Nacional | G14: IJM | H14: No | R14: =IF(H14="Sí",1,0) | S14: =IF(L14="En coordinación",1,0) | T14: =IF(L14="Aceptada",1,0) | U14: =IF(OR(L14="Realizada completa",L14="Realizada incompleta"),1,0) | V14: =IF(L14="Sin respuesta",1,0)
A15: 14 | B15: Tomás Lopes-Teixeira | C15: Banco Interamericano de Desarrollo | D15: Entrevista de actores clave | E15: Expertos en la temática | F15: Nacional | G15: IJM | H15: No | I15: 3/23/2026 | R15: =IF(H15="Sí",1,0) | S15: =IF(L15="En coordinación",1,0) | T15: =IF(L15="Aceptada",1,0) | U15: =IF(OR(L15="Realizada completa",L15="Realizada incompleta"),1,0) | V15: =IF(L15="Sin respuesta",1,0)
A16: 15 | B16: Issam Abousleiman | C16: World Bank | D16: Entrevista de actores clave | E16: Expertos en la temática | F16: Distrito Judicial: Apurímac | G16: IJM | H16: No | R16: =IF(H16="Sí",1,0) | S16: =IF(L16="En coordinación",1,0) | T16: =IF(L16="Aceptada",1,0) | U16: =IF(OR(L16="Realizada completa",L16="Realizada incompleta"),1,0) | V16: =IF(L16="Sin respuesta",1,0)
A17: 16 | B17: Carlos Jesús Vilela | C17: Jurado Nacional de Elecciones | D17: Entrevista de actores clave | E17: Funcionarios del Sistema | F17: Nacional | G17: IJM | H17: Sí | I17: 3/20/2026 | J17: 4/10/2026 | L17: Sin respuesta | O17: Sin respuesta | R17: =IF(H17="Sí",1,0) | S17: =IF(L17="En coordinación",1,0) | T17: =IF(L17="Aceptada",1,0) | U17: =IF(OR(L17="Realizada completa",L17="Realizada incompleta"),1,0) | V17: =IF(L17="Sin respuesta",1,0)
A18: 17 | B18: Mónica Mendez Cabezas | C18: Ministerio de la Mujer | D18: Entrevista de actores clave | E18: Funcionarios del Sistema | F18: Distrito Judicial: Loreto | G18: IJM | H18: Sí | I18: 5/5/2026 | L18: Sin respuesta | O18: Sin respuesta | R18: =IF(H18="Sí",1,0) | S18: =IF(L18="En coordinación",1,0) | T18: =IF(L18="Aceptada",1,0) | U18: =IF(OR(L18="Realizada completa",L18="Realizada incompleta"),1,0) | V18: =IF(L18="Sin respuesta",1,0)
A19: 18 | B19: Kenny Jorge Perez Diaz | C19: Ministerio de la Mujer | D19: Entrevista de actores clave | E19: Funcionarios del Sistema | F19: Distrito Judicial: Ayacucho | G19: IJM | H19: Sí | I19: 4/14/2026 | L19: Sin respuesta | O19: Sin respuesta | R19: =IF(H19="Sí",1,0) | S19: =IF(L19="En coordinación",1,0) | T19: =IF(L19="Aceptada",1,0) | U19: =IF(OR(L19="Realizada completa",L19="Realizada incompleta"),1,0) | V19: =IF(L19="Sin respuesta",1,0)
A20: 19 | B20: Laura Esther Agama Fernández | C20: Ministerio de la Mujer | D20: Entrevista de actores clave | E20: Funcionarios del Sistema | F20: Distrito Judicial: Ayacucho | G20: IJM | H20: Sí | I20: 5/5/2026 | L20: Sin respuesta | O20: Sin respuesta | R20: =IF(H20="Sí",1,0) | S20: =IF(L20="En coordinación",1,0) | T20: =IF(L20="Aceptada",1,0) | U20: =IF(OR(L20="Realizada completa",L20="Realizada incompleta"),1,0) | V20: =IF(L20="Sin respuesta",1,0)
A21: 20 | B21: Doris Godoy Cortez | C21: Psicólogos | D21: Entrevista de actores clave | E21: Acompañantes | F21: Distrito Judicial: Huánuco | G21: IJM | H21: Sí | I21: 3/20/2026 | L21: Realizada completa | M21: 31-Mar | N21: 31-Mar | O21: Realizada completa | P21: 60 | Q21: A distancia asistido | R21: =IF(H21="Sí",1,0) | S21: =IF(L21="En coordinación",1,0) | T21: =IF(L21="Aceptada",1,0) | U21: =IF(OR(L21="Realizada completa",L21="Realizada incompleta"),1,0) | V21: =IF(L21="Sin respuesta",1,0)
A22: 21 | B22: Rosa Peña | C22: ONG: Kids Alive | D22: Entrevista de actores clave | E22: Actores locales | F22: Distrito Judicial: Ucayali | G22: IJM | H22: Sí | I22: 3/23/2026 | L22: Realizada completa | M22: 24-Mar | N22: 24-Mar | O22: Realizada completa | P22: 42 | Q22: A distancia asistido | R22: =IF(H22="Sí",1,0) | S22: =IF(L22="En coordinación",1,0) | T22: =IF(L22="Aceptada",1,0) | U22: =IF(OR(L22="Realizada completa",L22="Realizada incompleta"),1,0) | V22: =IF(L22="Sin respuesta",1,0)
A23: 22 | B23: Angie Vargas | C23: ONG: Movimiento Manuela Ramos | D23: Entrevista de actores clave | E23: Actores locales | F23: Nacional | G23: IJM | H23: Sí | I23: 3/23/2026 | J23: 3/24/2026 | L23: En coordinación | O23: En coordinación | R23: =IF(H23="Sí",1,0) | S23: =IF(L23="En coordinación",1,0) | T23: =IF(L23="Aceptada",1,0) | U23: =IF(OR(L23="Realizada completa",L23="Realizada incompleta"),1,0) | V23: =IF(L23="Sin respuesta",1,0)
A24: 23 | B24: Jharith Mogollón Villafuerte | C24: Asociación Pro Derechos Humanos (APRODEH) | D24: Entrevista de actores clave | E24: Acompañantes | F24: Distrito Judicial: Apurímac | G24: IJM | H24: Sí | I24: 3/23/2026 | J24: 5/5/2026 | L24: Sin respuesta | O24: Sin respuesta | R24: =IF(H24="Sí",1,0) | S24: =IF(L24="En coordinación",1,0) | T24: =IF(L24="Aceptada",1,0) | U24: =IF(OR(L24="Realizada completa",L24="Realizada incompleta"),1,0) | V24: =IF(L24="Sin respuesta",1,0)
A25: 24 | B25: Rossina Guerrero | C25: Promoción y Defensa de los Derechos Sexuales y Reproductivos (PROMSEX) | D25: Entrevista de actores clave | E25: Actores locales | F25: Nacional | G25: IJM | H25: Sí | I25: 3/23/2026 | L25: Sin respuesta | O25: Sin respuesta | R25: =IF(H25="Sí",1,0) | S25: =IF(L25="En coordinación",1,0) | T25: =IF(L25="Aceptada",1,0) | U25: =IF(OR(L25="Realizada completa",L25="Realizada incompleta"),1,0) | V25: =IF(L25="Sin respuesta",1,0)
A26: 25 | B26: Augusto Altamirano Vega | C26: Centros de Acogida Residencial | D26: Entrevista de actores clave | E26: Funcionarios del Sistema | F26: Distrito Judicial: Apurímac | G26: IJM | H26: Sí | I26: 3/23/2026 | J26: 5/5/2026 | K26: 5/22/2026 | L26: Realizada completa | M26: 21-Jul | N26: 21-Jul | O26: Realizada completa | P26: 29 | Q26: A distancia asistido | R26: =IF(H26="Sí",1,0) | S26: =IF(L26="En coordinación",1,0) | T26: =IF(L26="Aceptada",1,0) | U26: =IF(OR(L26="Realizada completa",L26="Realizada incompleta"),1,0) | V26: =IF(L26="Sin respuesta",1,0)
A27: 26 | B27: María Luci Malpartida Galán | C27: Centros de Acogida Residencial | D27: Entrevista de actores clave | E27: Funcionarios del Sistema | F27: Nacional | G27: IJM | H27: Sí | I27: 5/5/2026 | L27: Sin respuesta | O27: Sin respuesta | R27: =IF(H27="Sí",1,0) | S27: =IF(L27="En coordinación",1,0) | T27: =IF(L27="Aceptada",1,0) | U27: =IF(OR(L27="Realizada completa",L27="Realizada incompleta"),1,0) | V27: =IF(L27="Sin respuesta",1,0)
A28: 27 | B28: Rosa Viviana Ciriaco Marcatinco | C28: Centros de Acogida Residencial | D28: Entrevista de actores clave | E28: Funcionarios del Sistema | F28: Distrito Judicial: Ayacucho | G28: IJM | H28: Sí | I28: 5/5/2026 | L28: Realizada completa | M28: 25-May | N28: 25-May | O28: Realizada completa | P28: 52 | Q28: A distancia asistido | R28: =IF(H28="Sí",1,0) | S28: =IF(L28="En coordinación",1,0) | T28: =IF(L28="Aceptada",1,0) | U28: =IF(OR(L28="Realizada completa",L28="Realizada incompleta"),1,0) | V28: =IF(L28="Sin respuesta",1,0)
A29: 28 | B29: Karen De Los Milagros Ucañan Cachy | C29: Centros de Acogida Residencial | D29: Entrevista de actores clave | E29: Funcionarios del Sistema | F29: Distrito Judicial: Huánuco | G29: IJM | H29: Sí | I29: 5/5/2026 | L29: Sin respuesta | O29: Sin respuesta | R29: =IF(H29="Sí",1,0) | S29: =IF(L29="En coordinación",1,0) | T29: =IF(L29="Aceptada",1,0) | U29: =IF(OR(L29="Realizada completa",L29="Realizada incompleta"),1,0) | V29: =IF(L29="Sin respuesta",1,0)
A30: 29 | B30: Israel Mendez Miguel | C30: Centros de Acogida Residencial | D30: Entrevista de actores clave | E30: Funcionarios del Sistema | F30: Nacional | G30: IJM | H30: Sí | I30: 5/5/2026 | L30: Rechazada | O30: Rechazada | R30: =IF(H30="Sí",1,0) | S30: =IF(L30="En coordinación",1,0) | T30: =IF(L30="Aceptada",1,0) | U30: =IF(OR(L30="Realizada completa",L30="Realizada incompleta"),1,0) | V30: =IF(L30="Sin respuesta",1,0)
A31: 30 | B31: María Barbara Venemans De Wilde | C31: Centros de Acogida Residencial | D31: Entrevista de actores clave | E31: Funcionarios del Sistema | F31: Nacional | G31: IJM | H31: Sí | I31: 5/5/2026 | L31: Sin respuesta | O31: Sin respuesta | R31: =IF(H31="Sí",1,0) | S31: =IF(L31="En coordinación",1,0) | T31: =IF(L31="Aceptada",1,0) | U31: =IF(OR(L31="Realizada completa",L31="Realizada incompleta"),1,0) | V31: =IF(L31="Sin respuesta",1,0)
A32: 31 | B32: Martha Fernandez Albornett | C32: Asociación Protección Población Vulnerable | D32: Entrevista de actores clave | E32: Actores locales | F32: Nacional | G32: IJM | H32: Sí | I32: 5/5/2026 | L32: Sin respuesta | O32: Sin respuesta | R32: =IF(H32="Sí",1,0) | S32: =IF(L32="En coordinación",1,0) | T32: =IF(L32="Aceptada",1,0) | U32: =IF(OR(L32="Realizada completa",L32="Realizada incompleta"),1,0) | V32: =IF(L32="Sin respuesta",1,0)
A33: 32 | B33: Rocío Roncal Rojas | C33: Asociación Kallpa | D33: Entrevista de actores clave | E33: Actores locales | F33: Nacional | G33: IJM | H33: Sí | I33: 5/5/2026 | J33: 5/20/2026 | L33: Sin respuesta | O33: Sin respuesta | R33: =IF(H33="Sí",1,0) | S33: =IF(L33="En coordinación",1,0) | T33: =IF(L33="Aceptada",1,0) | U33: =IF(OR(L33="Realizada completa",L33="Realizada incompleta"),1,0) | V33: =IF(L33="Sin respuesta",1,0)
A34: 33 | B34: Pascual Benjamín Rivera Montoya | C34: Centro de Protección del Menor | D34: Entrevista de actores clave | E34: Acompañantes | F34: Distrito Judicial: Apurímac | G34: IJM | H34: Sí | I34: 5/5/2026 | L34: Sin respuesta | O34: Sin respuesta | R34: =IF(H34="Sí",1,0) | S34: =IF(L34="En coordinación",1,0) | T34: =IF(L34="Aceptada",1,0) | U34: =IF(OR(L34="Realizada completa",L34="Realizada incompleta"),1,0) | V34: =IF(L34="Sin respuesta",1,0)
A35: 34 | B35: Coronel Ernesto Peña | C35: Jueces de Paz | D35: Entrevista de actores clave | E35: Funcionarios del Sistema | F35: Nacional | G35: IJM | H35: Sí | I35: 3/23/2026 | J35: 5/5/2026 | L35: Sin respuesta | O35: Sin respuesta | R35: =IF(H35="Sí",1,0) | S35: =IF(L35="En coordinación",1,0) | T35: =IF(L35="Aceptada",1,0) | U35: =IF(OR(L35="Realizada completa",L35="Realizada incompleta"),1,0) | V35: =IF(L35="Sin respuesta",1,0)
A36: 35 | B36: Fátima Joyo Zaga | C36: Jueces de Paz | D36: Entrevista de actores clave | E36: Funcionarios del Sistema | F36: Distrito Judicial: Cajamarca | G36: IJM | H36: Sí | I36: 5/5/2026 | L36: Rechazada | O36: Rechazada | R36: =IF(H36="Sí",1,0) | S36: =IF(L36="En coordinación",1,0) | T36: =IF(L36="Aceptada",1,0) | U36: =IF(OR(L36="Realizada completa",L36="Realizada incompleta"),1,0) | V36: =IF(L36="Sin respuesta",1,0)
A37: 36 | B37: Epifania Chagua Timoteo | C37: Jueces de Paz | D37: Entrevista de actores clave | E37: Funcionarios del Sistema | F37: Distrito Judicial: Apurímac | G37: IJM | H37: Sí | I37: 5/5/2026 | J37: 5/6/2026 | L37: En coordinación | O37: En coordinación | R37: =IF(H37="Sí",1,0) | S37: =IF(L37="En coordinación",1,0) | T37: =IF(L37="Aceptada",1,0) | U37: =IF(OR(L37="Realizada completa",L37="Realizada incompleta"),1,0) | V37: =IF(L37="Sin respuesta",1,0)
A38: 37 | B38: Banesa Farfan Saravia | C38: Asociación Sin Fines de Lucro Ñañaykuna | D38: Entrevista de actores clave | E38: Actores locales | F38: Nacional | G38: APOYO | H38: Sí | I38: 3/24/2026 | L38: Realizada completa | M38: 31-Mar | N38: 31-Mar | O38: Realizada completa | P38: 55 | Q38: A distancia asistido | R38: =IF(H38="Sí",1,0) | S38: =IF(L38="En coordinación",1,0) | T38: =IF(L38="Aceptada",1,0) | U38: =IF(OR(L38="Realizada completa",L38="Realizada incompleta"),1,0) | V38: =IF(L38="Sin respuesta",1,0)
A39: 38 | B39: Rocío Silva Santiesteban | C39: DEMUS Estudio para la Defensa de los Derechos de la Mujer | D39: Entrevista de actores clave | E39: Actores locales | F39: Distrito Judicial: Ucayali | G39: IJM | H39: Sí | I39: 5/5/2026 | L39: Rechazada | O39: Rechazada | R39: =IF(H39="Sí",1,0) | S39: =IF(L39="En coordinación",1,0) | T39: =IF(L39="Aceptada",1,0) | U39: =IF(OR(L39="Realizada completa",L39="Realizada incompleta"),1,0) | V39: =IF(L39="Sin respuesta",1,0)
A40: 39 | B40: Magali Aguilar | C40: Asociación Madres Luchando por Justicia | D40: Entrevista de actores clave | E40: Actores locales | F40: Nacional | G40: IJM | H40: Sí | I40: 3/23/2026 | L40: Realizada completa | M40: 24-Mar | N40: 24-Mar | O40: Realizada completa | P40: 72 | Q40: A distancia asistido | R40: =IF(H40="Sí",1,0) | S40: =IF(L40="En coordinación",1,0) | T40: =IF(L40="Aceptada",1,0) | U40: =IF(OR(L40="Realizada completa",L40="Realizada incompleta"),1,0) | V40: =IF(L40="Sin respuesta",1,0)
A41: 40 | B41: Laura Maurtua | C41: Mujeres Uniendo Esfuerzos por Alcanzar sus Sueños | D41: Entrevista de actores clave | E41: Actores locales | F41: Nacional | G41: IJM | H41: No | R41: =IF(H41="Sí",1,0) | S41: =IF(L41="En coordinación",1,0) | T41: =IF(L41="Aceptada",1,0) | U41: =IF(OR(L41="Realizada completa",L41="Realizada incompleta"),1,0) | V41: =IF(L41="Sin respuesta",1,0)
A42: 41 | B42: Flavia Martinez Tarazona | C42: Hablemos sin Tabúes | D42: Entrevista de actores clave | E42: Actores locales | F42: Nacional | G42: IJM | H42: Sí | I42: 4/6/2026 | J42: 5/5/2026 | L42: Sin respuesta | O42: Sin respuesta | R42: =IF(H42="Sí",1,0) | S42: =IF(L42="En coordinación",1,0) | T42: =IF(L42="Aceptada",1,0) | U42: =IF(OR(L42="Realizada completa",L42="Realizada incompleta"),1,0) | V42: =IF(L42="Sin respuesta",1,0)
A43: 42 | B43: Lorena Farroñan | C43: Tukuy Sunquywan Yanapsqayki | D43: Entrevista de actores clave | E43: Actores locales | F43: Nacional | G43: IJM | H43: Sí | I43: 3/23/2026 | J43: 4/17/2026 | K43: 5/5/2026 | L43: Sin respuesta | O43: Sin respuesta | R43: =IF(H43="Sí",1,0) | S43: =IF(L43="En coordinación",1,0) | T43: =IF(L43="Aceptada",1,0) | U43: =IF(OR(L43="Realizada completa",L43="Realizada incompleta"),1,0) | V43: =IF(L43="Sin respuesta",1,0)
A44: 43 | B44: Cecilia Ancajima | C44: Asociación La Casa de la Mujer | D44: Entrevista de actores clave | E44: Actores locales | F44: Nacional | G44: IJM | H44: Sí | I44: 5/5/2026 | L44: Sin respuesta | O44: Sin respuesta | R44: =IF(H44="Sí",1,0) | S44: =IF(L44="En coordinación",1,0) | T44: =IF(L44="Aceptada",1,0) | U44: =IF(OR(L44="Realizada completa",L44="Realizada incompleta"),1,0) | V44: =IF(L44="Sin respuesta",1,0)
A45: 44 | B45: Estrelia Nizama Ruiz | C45: Inppares | D45: Entrevista de actores clave | E45: Actores locales | F45: Nacional | G45: IJM | H45: Sí | I45: 4/17/2026 | J45: 5/5/2026 | L45: Realizada completa | M45: 21-May | N45: 21-May | O45: Realizada completa | P45: 43 | Q45: A distancia asistido | R45: =IF(H45="Sí",1,0) | S45: =IF(L45="En coordinación",1,0) | T45: =IF(L45="Aceptada",1,0) | U45: =IF(OR(L45="Realizada completa",L45="Realizada incompleta"),1,0) | V45: =IF(L45="Sin respuesta",1,0)
A46: 45 | B46: Elba Zegarra Vila | C46: Mama Alice | D46: Entrevista de actores clave | E46: Actores locales | F46: Distrito Judicial: Ayacucho | G46: IJM | H46: No | R46: =IF(H46="Sí",1,0) | S46: =IF(L46="En coordinación",1,0) | T46: =IF(L46="Aceptada",1,0) | U46: =IF(OR(L46="Realizada completa",L46="Realizada incompleta"),1,0) | V46: =IF(L46="Sin respuesta",1,0)
A47: 46 | B47: Flavio Flores Chuquipoma | C47: Central Única Nacional de Rondas Campesinas del Perú - CUNARC-P | D47: Entrevista de actores clave | E47: Actores locales | F47: Nacional | G47: IJM | H47: Sí | I47: 3/24/2026 | L47: Realizada completa | M47: 24-Mar | N47: 24-Mar | O47: Realizada completa | P47: 43 | Q47: A distancia asistido | R47: =IF(H47="Sí",1,0) | S47: =IF(L47="En coordinación",1,0) | T47: =IF(L47="Aceptada",1,0) | U47: =IF(OR(L47="Realizada completa",L47="Realizada incompleta"),1,0) | V47: =IF(L47="Sin respuesta",1,0)
A48: 47 | B48: Mendoza Barrantes Mericia | C48: Estrategias Rurales | D48: Entrevista de actores clave | E48: Actores locales | F48: Nacional | G48: IJM | H48: Sí | I48: 3/24/2026 | J48: 3/30/2026 | L48: Sin respuesta | O48: Sin respuesta | R48: =IF(H48="Sí",1,0) | S48: =IF(L48="En coordinación",1,0) | T48: =IF(L48="Aceptada",1,0) | U48: =IF(OR(L48="Realizada completa",L48="Realizada incompleta"),1,0) | V48: =IF(L48="Sin respuesta",1,0)
A49: 48 | B49: Calizaya Cruz Nicanor Efrain | C49: Estrategias Rurales | D49: Entrevista de actores clave | E49: Actores locales | F49: Nacional | G49: IJM | H49: Sí | I49: 3/24/2026 | J49: 3/30/2026 | L49: Sin respuesta | O49: Sin respuesta | R49: =IF(H49="Sí",1,0) | S49: =IF(L49="En coordinación",1,0) | T49: =IF(L49="Aceptada",1,0) | U49: =IF(OR(L49="Realizada completa",L49="Realizada incompleta"),1,0) | V49: =IF(L49="Sin respuesta",1,0)
A50: 49 | B50: Ketty Marcelo López | C50: Organización Nacional de Mujeres Indígenas Andinas y Amazónicas del Perú (ONAMIAP) | D50: Entrevista de actores clave | E50: Actores locales | F50: Nacional | G50: IJM | H50: Sí | I50: 5/5/2026 | L50: Sin respuesta | O50: Sin respuesta | R50: =IF(H50="Sí",1,0) | S50: =IF(L50="En coordinación",1,0) | T50: =IF(L50="Aceptada",1,0) | U50: =IF(OR(L50="Realizada completa",L50="Realizada incompleta"),1,0) | V50: =IF(L50="Sin respuesta",1,0)
A51: 50 | B51: Por definir | C51: Federación de Rondas Campesinas de Cajamarca y Norte del Perú (FEROCAFENOP) | D51: Entrevista de actores clave | E51: Actores locales | F51: Nacional | G51: IJM | H51: No | R51: =IF(H51="Sí",1,0) | S51: =IF(L51="En coordinación",1,0) | T51: =IF(L51="Aceptada",1,0) | U51: =IF(OR(L51="Realizada completa",L51="Realizada incompleta"),1,0) | V51: =IF(L51="Sin respuesta",1,0)
A52: 51 | B52: Kathia Villar | C52: Asociación Amar C | D52: Entrevista de actores clave | E52: Actores locales | F52: Distrito Judicial: Lima Norte | G52: IJM | H52: Sí | I52: 3/24/2026 | J52: 3/26/2026 | K52: 5/5/2026 | L52: Sin respuesta | O52: Sin respuesta | R52: =IF(H52="Sí",1,0) | S52: =IF(L52="En coordinación",1,0) | T52: =IF(L52="Aceptada",1,0) | U52: =IF(OR(L52="Realizada completa",L52="Realizada incompleta"),1,0) | V52: =IF(L52="Sin respuesta",1,0)
A53: 52 | B53: Silvia Sandobal Gerrero | C53: Asociación Igualdad y Desarrollo | D53: Entrevista de actores clave | E53: Actores locales | F53: Distrito Judicial: Loreto | G53: IJM | H53: Sí | I53: 3/24/2026 | J53: 4/6/2026 | K53: 4/7/2026 | L53: Realizada completa | M53: 7-Apr | N53: 7-Apr | O53: Realizada completa | P53: 58 | Q53: A distancia asistido | R53: =IF(H53="Sí",1,0) | S53: =IF(L53="En coordinación",1,0) | T53: =IF(L53="Aceptada",1,0) | U53: =IF(OR(L53="Realizada completa",L53="Realizada incompleta"),1,0) | V53: =IF(L53="Sin respuesta",1,0)
A54: 53 | B54: Alejandra Ballón-Gutiérrez | C54: Alfombra Roja | D54: Entrevista de actores clave | E54: Actores locales | F54: Distrito Judicial: Ucayali | G54: IJM | H54: Sí | I54: 5/5/2026 | L54: Sin respuesta | O54: Sin respuesta | R54: =IF(H54="Sí",1,0) | S54: =IF(L54="En coordinación",1,0) | T54: =IF(L54="Aceptada",1,0) | U54: =IF(OR(L54="Realizada completa",L54="Realizada incompleta"),1,0) | V54: =IF(L54="Sin respuesta",1,0)
A55: 54 | B55: Mercedes Neves Murillo | C55: Foro Regional Por Los Derechos Sexuales Y Reproductivos (FORDES) | D55: Entrevista de actores clave | E55: Actores locales | F55: Nacional | G55: IJM | H55: No | R55: =IF(H55="Sí",1,0) | S55: =IF(L55="En coordinación",1,0) | T55: =IF(L55="Aceptada",1,0) | U55: =IF(OR(L55="Realizada completa",L55="Realizada incompleta"),1,0) | V55: =IF(L55="Sin respuesta",1,0)
A56: 55 | B56: Rosemary Pioc | C56: Consejo de Mujeres Awajún Wampis Umukai Yawi - COMUAWUY | D56: Entrevista de actores clave | E56: Actores locales | F56: Nacional | G56: IJM | H56: No | R56: =IF(H56="Sí",1,0) | S56: =IF(L56="En coordinación",1,0) | T56: =IF(L56="Aceptada",1,0) | U56: =IF(OR(L56="Realizada completa",L56="Realizada incompleta"),1,0) | V56: =IF(L56="Sin respuesta",1,0)
A57: 56 | B57: Henry Mercado | C57: Abogados | D57: Entrevista de actores clave | E57: Acompañantes | F57: Distrito Judicial: Ayacucho | G57: IJM | H57: Sí | I57: 3/24/2026 | J57: 3/25/2026 | L57: Realizada completa | M57: 1-Apr | N57: 1-Apr | O57: Realizada completa | P57: 34 | Q57: A distancia asistido | R57: =IF(H57="Sí",1,0) | S57: =IF(L57="En coordinación",1,0) | T57: =IF(L57="Aceptada",1,0) | U57: =IF(OR(L57="Realizada completa",L57="Realizada incompleta"),1,0) | V57: =IF(L57="Sin respuesta",1,0)
A58: 57 | B58: Lorena Ruiz | C58: ONG: Kids Alive | D58: Entrevista de actores clave | E58: Actores locales | F58: Nacional | G58: IJM | H58: Sí | I58: 3/25/2026 | L58: Realizada completa | M58: 24-Apr | N58: 24-Apr | O58: Realizada completa | P58: 42 | Q58: A distancia asistido | R58: =IF(H58="Sí",1,0) | S58: =IF(L58="En coordinación",1,0) | T58: =IF(L58="Aceptada",1,0) | U58: =IF(OR(L58="Realizada completa",L58="Realizada incompleta"),1,0) | V58: =IF(L58="Sin respuesta",1,0)
A59: 58 | B59: María Ysabel Cedano | C59: Abogados | D59: Entrevista de actores clave | E59: Acompañantes | F59: Distrito Judicial: Huánuco | G59: IJM | H59: Sí | L59: Sin respuesta | O59: Sin respuesta | R59: =IF(H59="Sí",1,0) | S59: =IF(L59="En coordinación",1,0) | T59: =IF(L59="Aceptada",1,0) | U59: =IF(OR(L59="Realizada completa",L59="Realizada incompleta"),1,0) | V59: =IF(L59="Sin respuesta",1,0)
A60: 59 | B60: Rocío Villanueva Flores | C60: Abogados | D60: Entrevista de actores clave | E60: Acompañantes | F60: Nacional | G60: IJM | H60: Sí | L60: Sin respuesta | O60: Sin respuesta | R60: =IF(H60="Sí",1,0) | S60: =IF(L60="En coordinación",1,0) | T60: =IF(L60="Aceptada",1,0) | U60: =IF(OR(L60="Realizada completa",L60="Realizada incompleta"),1,0) | V60: =IF(L60="Sin respuesta",1,0)
A61: 60 | B61: Eliana Revollar Añaños | C61: Abogados | D61: Entrevista de actores clave | E61: Actores locales | F61: Distrito Judicial: Lima Norte | G61: IJM | H61: No | R61: =IF(H61="Sí",1,0) | S61: =IF(L61="En coordinación",1,0) | T61: =IF(L61="Aceptada",1,0) | U61: =IF(OR(L61="Realizada completa",L61="Realizada incompleta"),1,0) | V61: =IF(L61="Sin respuesta",1,0)
A62: 61 | B62: Jacqueline Julissa Pérez Castañeda | C62: Ministerio Público (Fiscalía) | D62: Entrevista de actores clave | E62: Funcionarios del Sistema | F62: Distrito Judicial: Lima Norte | G62: IJM | H62: Sí | I62: 3/24/2026 | J62: 5/22/2026 | L62: Sin respuesta | O62: Sin respuesta | R62: =IF(H62="Sí",1,0) | S62: =IF(L62="En coordinación",1,0) | T62: =IF(L62="Aceptada",1,0) | U62: =IF(OR(L62="Realizada completa",L62="Realizada incompleta"),1,0) | V62: =IF(L62="Sin respuesta",1,0)
A63: 62 | B63: Delia Milagros Espinoza Valenzuela | C63: Ministerio Público (Fiscalía) | D63: Entrevista de actores clave | E63: Funcionarios del Sistema | F63: Nacional | G63: IJM | H63: Sí | I63: 5/5/2026 | L63: Sin respuesta | O63: Sin respuesta | R63: =IF(H63="Sí",1,0) | S63: =IF(L63="En coordinación",1,0) | T63: =IF(L63="Aceptada",1,0) | U63: =IF(OR(L63="Realizada completa",L63="Realizada incompleta"),1,0) | V63: =IF(L63="Sin respuesta",1,0)
A64: 63 | B64: Judith Gisella Caruhapoma Ortega | C64: Ministerio Público (Fiscalía) | D64: Entrevista de actores clave | E64: Funcionarios del Sistema | F64: Distrito Judicial: Ayacucho | G64: IJM | H64: Sí | I64: 3/24/2026 | J64: 5/5/2026 | L64: Sin respuesta | O64: Sin respuesta | R64: =IF(H64="Sí",1,0) | S64: =IF(L64="En coordinación",1,0) | T64: =IF(L64="Aceptada",1,0) | U64: =IF(OR(L64="Realizada completa",L64="Realizada incompleta"),1,0) | V64: =IF(L64="Sin respuesta",1,0)
A65: 64 | B65: Ingrid Carola Chumbe Rodriguez | C65: Ministerio Público (Fiscalía) | D65: Entrevista de actores clave | E65: Funcionarios del Sistema | F65: Nacional | G65: IJM | H65: Sí | I65: 3/20/2026 | J65: 3/24/2026 | L65: Sin respuesta | O65: Sin respuesta | R65: =IF(H65="Sí",1,0) | S65: =IF(L65="En coordinación",1,0) | T65: =IF(L65="Aceptada",1,0) | U65: =IF(OR(L65="Realizada completa",L65="Realizada incompleta"),1,0) | V65: =IF(L65="Sin respuesta",1,0)
A66: 65 | B66: Juan Carlos Villena Campana | C66: Ministerio Público (Fiscalía) | D66: Entrevista de actores clave | E66: Funcionarios del Sistema | F66: Nacional | G66: IJM | H66: Sí | I66: 5/5/2026 | L66: Sin respuesta | O66: Sin respuesta | R66: =IF(H66="Sí",1,0) | S66: =IF(L66="En coordinación",1,0) | T66: =IF(L66="Aceptada",1,0) | U66: =IF(OR(L66="Realizada completa",L66="Realizada incompleta"),1,0) | V66: =IF(L66="Sin respuesta",1,0)
A67: 66 | B67: Sebastian Ticona Flores | C67: Ministerio Público (Fiscalía) | D67: Entrevista de actores clave | E67: Funcionarios del Sistema | F67: Distrito Judicial: Cajamarca | G67: IJM | H67: Sí | I67: 5/5/2026 | J67: 5/20/2026 | L67: Sin respuesta | O67: Sin respuesta | R67: =IF(H67="Sí",1,0) | S67: =IF(L67="En coordinación",1,0) | T67: =IF(L67="Aceptada",1,0) | U67: =IF(OR(L67="Realizada completa",L67="Realizada incompleta"),1,0) | V67: =IF(L67="Sin respuesta",1,0)
A68: 67 | B68: Griselda Venero De Monteagudo | C68: Ministerio Público (Fiscalía) | D68: Entrevista de actores clave | E68: Funcionarios del Sistema | F68: Nacional | G68: IJM | H68: Sí | I68: 5/5/2026 | J68: 5/20/2026 | L68: Sin respuesta | O68: Sin respuesta | R68: =IF(H68="Sí",1,0) | S68: =IF(L68="En coordinación",1,0) | T68: =IF(L68="Aceptada",1,0) | U68: =IF(OR(L68="Realizada completa",L68="Realizada incompleta"),1,0) | V68: =IF(L68="Sin respuesta",1,0)
A69: 68 | B69: Sofia Milla Meza | C69: Ministerio Público (Fiscalía) | D69: Entrevista de actores clave | E69: Funcionarios del Sistema | F69: Nacional | G69: IJM | H69: Sí | I69: 5/5/2026 | J69: 5/20/2026 | L69: Sin respuesta | O69: Sin respuesta | R69: =IF(H69="Sí",1,0) | S69: =IF(L69="En coordinación",1,0) | T69: =IF(L69="Aceptada",1,0) | U69: =IF(OR(L69="Realizada completa",L69="Realizada incompleta"),1,0) | V69: =IF(L69="Sin respuesta",1,0)
A70: 69 | B70: Jhonny Ruelas Roque | C70: Ministerio Público (Fiscalía) | D70: Entrevista de actores clave | E70: Funcionarios del Sistema | F70: Distrito Judicial: Apurímac | G70: IJM | H70: Sí | I70: 5/5/2026 | J70: 5/20/2026 | L70: Sin respuesta | O70: Sin respuesta | R70: =IF(H70="Sí",1,0) | S70: =IF(L70="En coordinación",1,0) | T70: =IF(L70="Aceptada",1,0) | U70: =IF(OR(L70="Realizada completa",L70="Realizada incompleta"),1,0) | V70: =IF(L70="Sin respuesta",1,0)
A71: 70 | B71: Gilder Zapana Mayta | C71: Ministerio Público (Fiscalía) | D71: Entrevista de actores clave | E71: Funcionarios del Sistema | F71: Distrito Judicial: Apurímac | G71: IJM | H71: Sí | I71: 5/5/2026 | L71: Sin respuesta | O71: Sin respuesta | R71: =IF(H71="Sí",1,0) | S71: =IF(L71="En coordinación",1,0) | T71: =IF(L71="Aceptada",1,0) | U71: =IF(OR(L71="Realizada completa",L71="Realizada incompleta"),1,0) | V71: =IF(L71="Sin respuesta",1,0)
A72: 71 | B72: Helem Retamozo Meza | C72: Ministerio Público (Fiscalía) | D72: Entrevista de actores clave | E72: Funcionarios del Sistema | F72: Distrito Judicial: Apurímac | G72: IJM | H72: Sí | I72: 5/5/2026 | L72: Sin respuesta | O72: Sin respuesta | R72: =IF(H72="Sí",1,0) | S72: =IF(L72="En coordinación",1,0) | T72: =IF(L72="Aceptada",1,0) | U72: =IF(OR(L72="Realizada completa",L72="Realizada incompleta"),1,0) | V72: =IF(L72="Sin respuesta",1,0)
A73: 72 | B73: Diana Ildaura Suquilanda Zavalaga | C73: Ministerio Público (Fiscalía) | D73: Entrevista de actores clave | E73: Funcionarios del Sistema | F73: Distrito Judicial: Apurímac | G73: IJM | H73: Sí | I73: 3/20/2026 | J73: 5/5/2026 | L73: Sin respuesta | O73: Sin respuesta | R73: =IF(H73="Sí",1,0) | S73: =IF(L73="En coordinación",1,0) | T73: =IF(L73="Aceptada",1,0) | U73: =IF(OR(L73="Realizada completa",L73="Realizada incompleta"),1,0) | V73: =IF(L73="Sin respuesta",1,0)
A74: 73 | B74: Pedro Luza Chullo | C74: Ministerio Público (Fiscalía) | D74: Entrevista de actores clave | E74: Funcionarios del Sistema | F74: Distrito Judicial: Huánuco | G74: IJM | H74: Sí | I74: 5/5/2026 | L74: Sin respuesta | O74: Sin respuesta | R74: =IF(H74="Sí",1,0) | S74: =IF(L74="En coordinación",1,0) | T74: =IF(L74="Aceptada",1,0) | U74: =IF(OR(L74="Realizada completa",L74="Realizada incompleta"),1,0) | V74: =IF(L74="Sin respuesta",1,0)
A75: 74 | B75: Mirco Coz Berrospi | C75: Ministerio Público (Fiscalía) | D75: Entrevista de actores clave | E75: Funcionarios del Sistema | F75: Distrito Judicial: Huánuco | G75: IJM | H75: Sí | I75: 5/5/2026 | L75: Sin respuesta | O75: Sin respuesta | R75: =IF(H75="Sí",1,0) | S75: =IF(L75="En coordinación",1,0) | T75: =IF(L75="Aceptada",1,0) | U75: =IF(OR(L75="Realizada completa",L75="Realizada incompleta"),1,0) | V75: =IF(L75="Sin respuesta",1,0)
A76: 75 | B76: Maria Elena Tores Quispe | C76: Ministerio Público (Fiscalía) | D76: Entrevista de actores clave | E76: Funcionarios del Sistema | F76: Distrito Judicial: Huánuco | G76: IJM | H76: No | R76: =IF(H76="Sí",1,0) | S76: =IF(L76="En coordinación",1,0) | T76: =IF(L76="Aceptada",1,0) | U76: =IF(OR(L76="Realizada completa",L76="Realizada incompleta"),1,0) | V76: =IF(L76="Sin respuesta",1,0)
A77: 76 | B77: Claudia Belinda Chirito Cano | C77: Ministerio Público (Fiscalía) | D77: Entrevista de actores clave | E77: Funcionarios del Sistema | F77: Distrito Judicial: Ucayali | G77: IJM | H77: Sí | I77: 3/25/2026 | J77: 5/5/2026 | L77: Sin respuesta | O77: Sin respuesta | R77: =IF(H77="Sí",1,0) | S77: =IF(L77="En coordinación",1,0) | T77: =IF(L77="Aceptada",1,0) | U77: =IF(OR(L77="Realizada completa",L77="Realizada incompleta"),1,0) | V77: =IF(L77="Sin respuesta",1,0)
A78: 77 | B78: Marco Antonio Yaipen Zapata | C78: Ministerio Público (Fiscalía) | D78: Entrevista de actores clave | E78: Funcionarios del Sistema | F78: Distrito Judicial: Ucayali | G78: IJM | H78: Sí | I78: 5/5/2026 | L78: Sin respuesta | O78: Sin respuesta | R78: =IF(H78="Sí",1,0) | S78: =IF(L78="En coordinación",1,0) | T78: =IF(L78="Aceptada",1,0) | U78: =IF(OR(L78="Realizada completa",L78="Realizada incompleta"),1,0) | V78: =IF(L78="Sin respuesta",1,0)
A79: 78 | B79: Gladys Pendola Arviza | C79: Ministerio Público (Fiscalía) | D79: Entrevista de actores clave | E79: Funcionarios del Sistema | F79: Distrito Judicial: Ucayali | G79: IJM | H79: Sí | I79: 5/5/2026 | L79: Sin respuesta | O79: Sin respuesta | R79: =IF(H79="Sí",1,0) | S79: =IF(L79="En coordinación",1,0) | T79: =IF(L79="Aceptada",1,0) | U79: =IF(OR(L79="Realizada completa",L79="Realizada incompleta"),1,0) | V79: =IF(L79="Sin respuesta",1,0)
A80: 79 | B80: Fritz Elias Espinoza | C80: Ministerio Público (Fiscalía) | D80: Entrevista de actores clave | E80: Funcionarios del Sistema | F80: Distrito Judicial: Puente Piedra-Ventanilla | G80: IJM | H80: Sí | I80: 5/5/2026 | L80: Sin respuesta | O80: Sin respuesta | R80: =IF(H80="Sí",1,0) | S80: =IF(L80="En coordinación",1,0) | T80: =IF(L80="Aceptada",1,0) | U80: =IF(OR(L80="Realizada completa",L80="Realizada incompleta"),1,0) | V80: =IF(L80="Sin respuesta",1,0)
A81: 80 | B81: Raúl Solórzano Cosar | C81: Ministerio Público (Fiscalía) | D81: Entrevista de actores clave | E81: Funcionarios del Sistema | F81: Distrito Judicial: Puente Piedra-Ventanilla | G81: IJM | H81: No | R81: =IF(H81="Sí",1,0) | S81: =IF(L81="En coordinación",1,0) | T81: =IF(L81="Aceptada",1,0) | U81: =IF(OR(L81="Realizada completa",L81="Realizada incompleta"),1,0) | V81: =IF(L81="Sin respuesta",1,0)
A82: 81 | B82: Marco Leopoldo De La Cruz Espejo | C82: Ministerio Público (Fiscalía) | D82: Entrevista de actores clave | E82: Funcionarios del Sistema | F82: Distrito Judicial: Puente Piedra-Ventanilla | G82: IJM | H82: No | R82: =IF(H82="Sí",1,0) | S82: =IF(L82="En coordinación",1,0) | T82: =IF(L82="Aceptada",1,0) | U82: =IF(OR(L82="Realizada completa",L82="Realizada incompleta"),1,0) | V82: =IF(L82="Sin respuesta",1,0)
A83: 82 | B83: Cristian Araujo Morales | C83: Ministerio Público (Fiscalía) | D83: Entrevista de actores clave | E83: Funcionarios del Sistema | F83: Distrito Judicial: Ayacucho | G83: IJM | H83: Sí | I83: 3/26/2026 | J83: 5/5/2026 | L83: Sin respuesta | O83: Sin respuesta | R83: =IF(H83="Sí",1,0) | S83: =IF(L83="En coordinación",1,0) | T83: =IF(L83="Aceptada",1,0) | U83: =IF(OR(L83="Realizada completa",L83="Realizada incompleta"),1,0) | V83: =IF(L83="Sin respuesta",1,0)
A84: 83 | B84: Luis Antonio Tejada Llerena | C84: Ministerio Público (Fiscalía) | D84: Entrevista de actores clave | E84: Funcionarios del Sistema | F84: Distrito Judicial: Ayacucho | G84: IJM | H84: Sí | I84: 5/5/2026 | L84: Sin respuesta | O84: Sin respuesta | R84: =IF(H84="Sí",1,0) | S84: =IF(L84="En coordinación",1,0) | T84: =IF(L84="Aceptada",1,0) | U84: =IF(OR(L84="Realizada completa",L84="Realizada incompleta"),1,0) | V84: =IF(L84="Sin respuesta",1,0)
A85: 84 | B85: Miguel Angel Villalobos Caballero | C85: Ministerio Público (Fiscalía) | D85: Entrevista de actores clave | E85: Funcionarios del Sistema | F85: Distrito Judicial: Lima Norte | G85: IJM | H85: Sí | I85: 5/5/2026 | L85: Sin respuesta | O85: Sin respuesta | R85: =IF(H85="Sí",1,0) | S85: =IF(L85="En coordinación",1,0) | T85: =IF(L85="Aceptada",1,0) | U85: =IF(OR(L85="Realizada completa",L85="Realizada incompleta"),1,0) | V85: =IF(L85="Sin respuesta",1,0)
A86: 85 | B86: Lilian Rueda Curimanea | C86: Ministerio Público (Fiscalía) | D86: Entrevista de actores clave | E86: Funcionarios del Sistema | F86: Distrito Judicial: Cajamarca | G86: IJM | H86: Sí | I86: 3/26/2026 | L86: Sin respuesta | O86: Sin respuesta | R86: =IF(H86="Sí",1,0) | S86: =IF(L86="En coordinación",1,0) | T86: =IF(L86="Aceptada",1,0) | U86: =IF(OR(L86="Realizada completa",L86="Realizada incompleta"),1,0) | V86: =IF(L86="Sin respuesta",1,0)
A87: 86 | B87: Jorge Fernandez Mavila | C87: Ministerio Público (Fiscalía) | D87: Entrevista de actores clave | E87: Funcionarios del Sistema | F87: Distrito Judicial: Cajamarca | G87: IJM | H87: Sí | I87: 3/26/2026 | L87: Sin respuesta | O87: Sin respuesta | R87: =IF(H87="Sí",1,0) | S87: =IF(L87="En coordinación",1,0) | T87: =IF(L87="Aceptada",1,0) | U87: =IF(OR(L87="Realizada completa",L87="Realizada incompleta"),1,0) | V87: =IF(L87="Sin respuesta",1,0)
A88: 87 | B88: Armando Molero Pimienta | C88: Ministerio Público (Fiscalía) | D88: Entrevista de actores clave | E88: Funcionarios del Sistema | F88: Distrito Judicial: Loreto | G88: IJM | H88: No | R88: =IF(H88="Sí",1,0) | S88: =IF(L88="En coordinación",1,0) | T88: =IF(L88="Aceptada",1,0) | U88: =IF(OR(L88="Realizada completa",L88="Realizada incompleta"),1,0) | V88: =IF(L88="Sin respuesta",1,0)
A89: 88 | B89: Rodolfo Huaman Flores | C89: Ministerio Público (Fiscalía) | D89: Entrevista de actores clave | E89: Funcionarios del Sistema | F89: Distrito Judicial: Apurímac | G89: IJM | H89: Sí | I89: 3/26/2026 | L89: Realizada completa | M89: 1-Apr | N89: 1-Apr | O89: Realizada completa | P89: 42 | Q89: A distancia asistido | R89: =IF(H89="Sí",1,0) | S89: =IF(L89="En coordinación",1,0) | T89: =IF(L89="Aceptada",1,0) | U89: =IF(OR(L89="Realizada completa",L89="Realizada incompleta"),1,0) | V89: =IF(L89="Sin respuesta",1,0)
A90: 89 | B90: John Henrry Martel Trujillo | C90: Ministerio Público (Fiscalía) | D90: Entrevista de actores clave | E90: Funcionarios del Sistema | F90: Distrito Judicial: Loreto | G90: IJM | H90: No | R90: =IF(H90="Sí",1,0) | S90: =IF(L90="En coordinación",1,0) | T90: =IF(L90="Aceptada",1,0) | U90: =IF(OR(L90="Realizada completa",L90="Realizada incompleta"),1,0) | V90: =IF(L90="Sin respuesta",1,0)
A91: 90 | B91: Mariano Rodolfo Valdivia Valdarrago | C91: Ministerio Público (Fiscalía) | D91: Entrevista de actores clave | E91: Funcionarios del Sistema | F91: Nacional | G91: IJM | H91: No | R91: =IF(H91="Sí",1,0) | S91: =IF(L91="En coordinación",1,0) | T91: =IF(L91="Aceptada",1,0) | U91: =IF(OR(L91="Realizada completa",L91="Realizada incompleta"),1,0) | V91: =IF(L91="Sin respuesta",1,0)
A92: 91 | B92: Rodolfo Vega Billan | C92: Ministerio Público (Fiscalía) | D92: Entrevista de actores clave | E92: Funcionarios del Sistema | F92: Distrito Judicial: Cajamarca | G92: IJM | H92: No | R92: =IF(H92="Sí",1,0) | S92: =IF(L92="En coordinación",1,0) | T92: =IF(L92="Aceptada",1,0) | U92: =IF(OR(L92="Realizada completa",L92="Realizada incompleta"),1,0) | V92: =IF(L92="Sin respuesta",1,0)
A93: 92 | B93: Fanny Elizabeth Suarez Coaguila | C93: Ministerio Público (Fiscalía) | D93: Entrevista de actores clave | E93: Funcionarios del Sistema | F93: Nacional | G93: IJM | H93: Sí | I93: 3/26/2026 | L93: Sin respuesta | O93: Sin respuesta | R93: =IF(H93="Sí",1,0) | S93: =IF(L93="En coordinación",1,0) | T93: =IF(L93="Aceptada",1,0) | U93: =IF(OR(L93="Realizada completa",L93="Realizada incompleta"),1,0) | V93: =IF(L93="Sin respuesta",1,0)
A94: 93 | B94: Cesar Manuel Calderón Moreno | C94: Ministerio Público (Fiscalía) | D94: Entrevista de actores clave | E94: Funcionarios del Sistema | F94: Distrito Judicial: Cajamarca | G94: IJM | H94: Sí | I94: 3/26/2026 | L94: Sin respuesta | O94: Sin respuesta | R94: =IF(H94="Sí",1,0) | S94: =IF(L94="En coordinación",1,0) | T94: =IF(L94="Aceptada",1,0) | U94: =IF(OR(L94="Realizada completa",L94="Realizada incompleta"),1,0) | V94: =IF(L94="Sin respuesta",1,0)
A95: 94 | B95: Liz Ivone Torres Díaz | C95: Ministerio Público (Fiscalía) | D95: Entrevista de actores clave | E95: Funcionarios del Sistema | F95: Distrito Judicial: Ucayali | G95: IJM | H95: No | R95: =IF(H95="Sí",1,0) | S95: =IF(L95="En coordinación",1,0) | T95: =IF(L95="Aceptada",1,0) | U95: =IF(OR(L95="Realizada completa",L95="Realizada incompleta"),1,0) | V95: =IF(L95="Sin respuesta",1,0)
A96: 95 | B96: Abilio Escobar Quispe | C96: Ministerio Público (Fiscalía) | D96: Entrevista de actores clave | E96: Funcionarios del Sistema | F96: Nacional | G96: IJM | H96: Sí | I96: 3/26/2026 | L96: Sin respuesta | O96: Sin respuesta | R96: =IF(H96="Sí",1,0) | S96: =IF(L96="En coordinación",1,0) | T96: =IF(L96="Aceptada",1,0) | U96: =IF(OR(L96="Realizada completa",L96="Realizada incompleta"),1,0) | V96: =IF(L96="Sin respuesta",1,0)
A97: 96 | B97: Diana Suquilanda Zavalaga | C97: Ministerio Público (Fiscalía) | D97: Entrevista de actores clave | E97: Funcionarios del Sistema | F97: Distrito Judicial: Puente Piedra-Ventanilla | G97: IJM | H97: No | I97: 3/20/2026 | R97: =IF(H97="Sí",1,0) | S97: =IF(L97="En coordinación",1,0) | T97: =IF(L97="Aceptada",1,0) | U97: =IF(OR(L97="Realizada completa",L97="Realizada incompleta"),1,0) | V97: =IF(L97="Sin respuesta",1,0)
A98: 97 | B98: Luis Alberto Garcia Santos | C98: Ministerio Público (Fiscalía) | D98: Entrevista de actores clave | E98: Funcionarios del Sistema | F98: Distrito Judicial: Lima Norte | G98: IJM | H98: Sí | I98: 3/26/2026 | L98: Sin respuesta | O98: Sin respuesta | R98: =IF(H98="Sí",1,0) | S98: =IF(L98="En coordinación",1,0) | T98: =IF(L98="Aceptada",1,0) | U98: =IF(OR(L98="Realizada completa",L98="Realizada incompleta"),1,0) | V98: =IF(L98="Sin respuesta",1,0)
A99: 98 | B99: Henry Rómulo Lahud Ordóñez | C99: Ministerio Público (Fiscalía) | D99: Entrevista de actores clave | E99: Funcionarios del Sistema | F99: Distrito Judicial: Lima Norte | G99: IJM | H99: No | R99: =IF(H99="Sí",1,0) | S99: =IF(L99="En coordinación",1,0) | T99: =IF(L99="Aceptada",1,0) | U99: =IF(OR(L99="Realizada completa",L99="Realizada incompleta"),1,0) | V99: =IF(L99="Sin respuesta",1,0)
A100: 99 | B100: Esperanza Huamán Aguado | C100: Ministerio Público (Fiscalía) | D100: Entrevista de actores clave | E100: Funcionarios del Sistema | F100: Distrito Judicial: Lima Norte | G100: IJM | H100: No | R100: =IF(H100="Sí",1,0) | S100: =IF(L100="En coordinación",1,0) | T100: =IF(L100="Aceptada",1,0) | U100: =IF(OR(L100="Realizada completa",L100="Realizada incompleta"),1,0) | V100: =IF(L100="Sin respuesta",1,0)
...

Sheet Dashboard - Sobrevivientes
A1: Identificador | B1: Contacto | C1: Nombre de sobreviviente | D1: Tipo de entrevista | E1: Distrito Judicial | F1: Encargado de contacto | G1: Contactada | H1: Fecha de primer contacto | I1: Fecha de segundo contacto | J1: Fecha de tercer contacto | K1: Respuesta del actor | L1: Fecha de inicio de entrevista | M1: Fecha de fin de entrevista | N1: Resultado | O1: Modalidad | P1: Duración total (min) | Q1: Dummy Contacto | R1: Dummy coordinación | S1: Dummy aceptada | T1: Dummy realizada | U1: Dummy sin respuesta
A2: {=++IF((Sobrevivientes!$C$2:$C$600<>""),Sobrevivientes!$C$2:$C$600,"")} | B2: {=++IF((Sobrevivientes!$D$2:$D$600<>""),Sobrevivientes!$D$2:$D$600,"")} | C2: {=++IF((Sobrevivientes!$F$2:$F$600<>""),Sobrevivientes!$F$2:$F$600,"")} | D2: {=++IF((Sobrevivientes!$G$2:$G$600<>""),Sobrevivientes!$G$2:$G$600,"")} | E2: {=++IF((Sobrevivientes!$E$2:$E$600<>""),Sobrevivientes!$E$2:$E$600,"")} | F2: {=++IF((Sobrevivientes!$I$2:$I$600<>""),Sobrevivientes!$I$2:$I$600,"")} | G2: {=++IF((Sobrevivientes!$J$2:$J$600<>""),Sobrevivientes!$J$2:$J$600,"")} | H2: {=++IF((Sobrevivientes!$L$2:$L$600<>""),Sobrevivientes!$L$2:$L$600,"")} | I2: {=++IF((Sobrevivientes!$M$2:$M$600<>""),Sobrevivientes!$M$2:$M$600,"")} | J2: {=++IF((Sobrevivientes!$N$2:$N$600<>""),Sobrevivientes!$N2:$N$600,"")} | K2: {=++IF((Sobrevivientes!$K$2:$K$600<>""),Sobrevivientes!$K$2:$K$600,"")} | L2: {=++IF((Sobrevivientes!$P$2:$P$600<>""),Sobrevivientes!$P$2:$P$600,"")} | M2: {=++IF((Sobrevivientes!$Q$2:$Q$600<>""),Sobrevivientes!$Q$2:$Q$600,"")} | N2: {=++IF((Sobrevivientes!$S$2:$S$600<>""),Sobrevivientes!$S$2:$S$600,"")} | O2: {=++IF((Sobrevivientes!$R$2:$R$600<>""),Sobrevivientes!$R$2:$R$600,"")} | P2: {=++IF((Sobrevivientes!$T$2:$T$600<>""),Sobrevivientes!$T$2:$T$600,"")} | Q2: =IF(G2="Sí",1,0) | R2: =IF(K2="En coordinación",1,0) | S2: =IF(K2="En coordinación",1,0) | T2: =IF(K2="Realizada completa",1,0) | U2: =IF(K2="Sin respuesta",1,0)
A3: 2 | B3: Leyden María Capa Barrios | C3: CRISTINA MENDOZA (Lideresa) | D3: Líder sobreviviente | E3: Distrito Judicial: Callao | G3: No | K3: En coordinación | Q3: =IF(G3="Sí",1,0) | R3: =IF(K3="En coordinación",1,0) | S3: =IF(K3="En coordinación",1,0) | T3: =IF(K3="Realizada completa",1,0) | U3: =IF(K3="Sin respuesta",1,0)
A4: 3 | B4: Leyden María Capa Barrios | C4: Naidolith Peña (Líder) | D4: Líder sobreviviente | E4: Distrito Judicial: Callao | G4: No | K4: En coordinación | Q4: =IF(G4="Sí",1,0) | R4: =IF(K4="En coordinación",1,0) | S4: =IF(K4="En coordinación",1,0) | T4: =IF(K4="Realizada completa",1,0) | U4: =IF(K4="Sin respuesta",1,0)
A5: 4 | B5: Leyden María Capa Barrios | C5: Martha Quispe | D5: Líder sobreviviente | E5: Distrito Judicial: Callao | G5: No | K5: En coordinación | Q5: =IF(G5="Sí",1,0) | R5: =IF(K5="En coordinación",1,0) | S5: =IF(K5="En coordinación",1,0) | T5: =IF(K5="Realizada completa",1,0) | U5: =IF(K5="Sin respuesta",1,0)
A6: 5 | B6: Líder | D6: Líder sobreviviente | E6: Distrito Judicial: Huánuco | F6: APOYO | G6: Sí | K6: Realizada completa | N6: Realizada completa | O6: Presencial | Q6: =IF(G6="Sí",1,0) | R6: =IF(K6="En coordinación",1,0) | S6: =IF(K6="En coordinación",1,0) | T6: =IF(K6="Realizada completa",1,0) | U6: =IF(K6="Sin respuesta",1,0)
A7: 6 | B7: Sobreviviente01 | D7: Sobreviviente | E7: Distrito Judicial: Huánuco | F7: APOYO | G7: Sí | K7: Realizada completa | N7: Realizada completa | O7: Presencial | Q7: =IF(G7="Sí",1,0) | R7: =IF(K7="En coordinación",1,0) | S7: =IF(K7="En coordinación",1,0) | T7: =IF(K7="Realizada completa",1,0) | U7: =IF(K7="Sin respuesta",1,0)
A8: 7 | B8: Sobreviviente02 | D8: Sobreviviente | E8: Distrito Judicial: Huánuco | F8: APOYO | G8: Sí | K8: Realizada completa | N8: Realizada completa | O8: Virtual | Q8: =IF(G8="Sí",1,0) | R8: =IF(K8="En coordinación",1,0) | S8: =IF(K8="En coordinación",1,0) | T8: =IF(K8="Realizada completa",1,0) | U8: =IF(K8="Sin respuesta",1,0)
A9: 8 | B9: Marlene Vivanco | C9: Federica | D9: Sobreviviente | E9: Distrito Judicial: Lima | F9: APOYO | G9: Sí | Q9: =IF(G9="Sí",1,0) | R9: =IF(K9="En coordinación",1,0) | S9: =IF(K9="En coordinación",1,0) | T9: =IF(K9="Realizada completa",1,0) | U9: =IF(K9="Sin respuesta",1,0)
A10: 9 | B10: Líder | D10: Líder sobreviviente | E10: Distrito Judicial: Apurímac | F10: APOYO | G10: Sí | K10: Realizada completa | N10: Realizada completa | O10: Presencial | Q10: =IF(G10="Sí",1,0) | R10: =IF(K10="En coordinación",1,0) | S10: =IF(K10="En coordinación",1,0) | T10: =IF(K10="Realizada completa",1,0) | U10: =IF(K10="Sin respuesta",1,0)
A11: 10 | B11: Sobreviviente01 | D11: Sobreviviente | E11: Distrito Judicial: Apurímac | F11: APOYO | G11: Sí | K11: Realizada completa | N11: Realizada completa | O11: Presencial | Q11: =IF(G11="Sí",1,0) | R11: =IF(K11="En coordinación",1,0) | S11: =IF(K11="En coordinación",1,0) | T11: =IF(K11="Realizada completa",1,0) | U11: =IF(K11="Sin respuesta",1,0)
A12: 11 | B12: Sobreviviente02 | D12: Sobreviviente | E12: Distrito Judicial: Apurímac | F12: APOYO | G12: Sí | K12: Realizada incompleta | N12: Realizada completa | O12: Presencial | Q12: =IF(G12="Sí",1,0) | R12: =IF(K12="En coordinación",1,0) | S12: =IF(K12="En coordinación",1,0) | T12: =IF(K12="Realizada completa",1,0) | U12: =IF(K12="Sin respuesta",1,0)
Q13: =IF(G13="Sí",1,0) | R13: =IF(K13="En coordinación",1,0) | S13: =IF(K13="En coordinación",1,0) | T13: =IF(K13="Realizada completa",1,0) | U13: =IF(K13="Sin respuesta",1,0)
Q14: =IF(G14="Sí",1,0) | R14: =IF(K14="En coordinación",1,0) | S14: =IF(K14="En coordinación",1,0) | T14: =IF(K14="Realizada completa",1,0) | U14: =IF(K14="Sin respuesta",1,0)
Q15: =IF(G15="Sí",1,0) | R15: =IF(K15="En coordinación",1,0) | S15: =IF(K15="En coordinación",1,0) | T15: =IF(K15="Realizada completa",1,0) | U15: =IF(K15="Sin respuesta",1,0)
Q16: =IF(G16="Sí",1,0) | R16: =IF(K16="En coordinación",1,0) | S16: =IF(K16="En coordinación",1,0) | T16: =IF(K16="Realizada completa",1,0) | U16: =IF(K16="Sin respuesta",1,0)
Q17: =IF(G17="Sí",1,0) | R17: =IF(K17="En coordinación",1,0) | S17: =IF(K17="En coordinación",1,0) | T17: =IF(K17="Realizada completa",1,0) | U17: =IF(K17="Sin respuesta",1,0)
Q18: =IF(G18="Sí",1,0) | R18: =IF(K18="En coordinación",1,0) | S18: =IF(K18="En coordinación",1,0) | T18: =IF(K18="Realizada completa",1,0) | U18: =IF(K18="Sin respuesta",1,0)
Q19: =IF(G19="Sí",1,0) | R19: =IF(K19="En coordinación",1,0) | S19: =IF(K19="En coordinación",1,0) | T19: =IF(K19="Realizada completa",1,0) | U19: =IF(K19="Sin respuesta",1,0)
Q20: =IF(G20="Sí",1,0) | R20: =IF(K20="En coordinación",1,0) | S20: =IF(K20="En coordinación",1,0) | T20: =IF(K20="Realizada completa",1,0) | U20: =IF(K20="Sin respuesta",1,0)
Q21: =IF(G21="Sí",1,0) | R21: =IF(K21="En coordinación",1,0) | S21: =IF(K21="En coordinación",1,0) | T21: =IF(K21="Realizada completa",1,0) | U21: =IF(K21="Sin respuesta",1,0)
Q22: =IF(G22="Sí",1,0) | R22: =IF(K22="En coordinación",1,0) | S22: =IF(K22="En coordinación",1,0) | T22: =IF(K22="Realizada completa",1,0) | U22: =IF(K22="Sin respuesta",1,0)
Q23: =IF(G23="Sí",1,0) | R23: =IF(K23="En coordinación",1,0) | S23: =IF(K23="En coordinación",1,0) | T23: =IF(K23="Realizada completa",1,0) | U23: =IF(K23="Sin respuesta",1,0)
Q24: =IF(G24="Sí",1,0) | R24: =IF(K24="En coordinación",1,0) | S24: =IF(K24="En coordinación",1,0) | T24: =IF(K24="Realizada completa",1,0) | U24: =IF(K24="Sin respuesta",1,0)
... Q600: =IF(G600="Sí",1,0) | R600: =IF(K600="En coordinación",1,0) | S600: =IF(K600="En coordinación",1,0) | T600: =IF(K600="Realizada completa",1,0) | U600: =IF(K600="Sin respuesta",1,0)

Sheet Dashboard - Reunión
A1: Identificador | B1: Nombre | C1: Tipo de grupo focal | D1: Institución | E1: Tipo de actor | F1: Distrito judicial | G1: Encargado de contacto | H1: Contacto | I1: Fecha de primer contacto | J1: Fecha de segundo contacto | K1: Fecha de tercer contacto | L1: Respuesta del actor | M1: Fecha de grupo focal | N1: Asistencia al grupo focal | O1: N° de Grupo Focal | P1: Duración total (min) | Q1: Dummy contacto | R1: Dummy coordinación | S1: Dummy considerado inicialmente | T1: Dummy asistencia | U1: Dummy aceptado
A2: {=+IF('Seguimiento grupos focales'!C7:C999<>"",'Seguimiento grupos focales'!C7:C999,"")} | B2: {=+IF('Seguimiento grupos focales'!D7:D999<>"",'Seguimiento grupos focales'!D7:D999,"")} | C2: {=+IF('Seguimiento grupos focales'!J7:J999<>"",'Seguimiento grupos focales'!J7:J999,"")} | D2: {=+IF('Seguimiento grupos focales'!E7:E999<>"",'Seguimiento grupos focales'!E7:E999,"")} | E2: {=+IF('Seguimiento grupos focales'!I7:I999<>"",'Seguimiento grupos focales'!I7:I999,"")} | F2: {=+IF('Seguimiento grupos focales'!F7:F999<>"",'Seguimiento grupos focales'!F7:F999,"")} | G2: {=+IF('Seguimiento grupos focales'!Q7:Q999<>"",'Seguimiento grupos focales'!Q7:Q999,"")} | H2: {=+IF('Seguimiento grupos focales'!S7:S999<>"",'Seguimiento grupos focales'!S7:S999,"")} | I2: {=+IF('Seguimiento grupos focales'!U7:U999<>"",'Seguimiento grupos focales'!U7:U999,"")} | J2: {=+IF('Seguimiento grupos focales'!V7:V999<>"",'Seguimiento grupos focales'!V7:V999,"")} | K2: {=+IF('Seguimiento grupos focales'!W7:W999<>"",'Seguimiento grupos focales'!W7:W999,"")} | L2: {=+IF('Seguimiento grupos focales'!T7:T999<>"",'Seguimiento grupos focales'!T7:T999,"")} | M2: {=+IF('Seguimiento grupos focales'!X7:X999<>"",'Seguimiento grupos focales'!X7:X999,"")} | N2: {=+IF('Seguimiento grupos focales'!L7:L999<>"",'Seguimiento grupos focales'!L7:L999,"")} | O2: {=+IF('Seguimiento grupos focales'!K7:K999<>"",'Seguimiento grupos focales'!K7:K999,"")} | P2: {=+IF('Seguimiento grupos focales'!AC7:AC999<>"",'Seguimiento grupos focales'!AC7:AC999,"")} | Q2: =IF(H2="Sí",1,0) | R2: =IF(L2="En coordinación",1,0) | S2: 0 | T2: =IF(N2="Sí",1,0) | U2: =IF(L2="Aceptada",1,0)
A3: 2 | B3: Cinthia Navarro | C3: Grupo focal de reconocimiento | D3: Oxfam | E3: Expertos en la temática | F3: Nacional | G3: IJM | H3: Sí | I3: 4/27/2026 | J3: 6-May | K3: 15-May | L3: Sin respuesta | O3: Grupo focal 2 | Q3: =IF(H3="Sí",1,0) | R3: =IF(L3="En coordinación",1,0) | S3: 1 | T3: =IF(N3="Sí",1,0) | U3: =IF(L3="Aceptada",1,0)
A4: 3 | B4: Sofia Garcia | C4: Grupo focal de reconocimiento | D4: Instituto Promoviendo Desarrollo Social-IPRODES | E4: Expertos en la temática | F4: Distrito Judicial: Huánuco | G4: APOYO | H4: Sí | I4: 29-Apr | J4: 8-May | K4: 14-May | L4: Aceptada | M4: 20-May | N4: Sí | O4: Grupo focal 2 | Q4: =IF(H4="Sí",1,0) | R4: =IF(L4="En coordinación",1,0) | S4: 1 | T4: =IF(N4="Sí",1,0) | U4: =IF(L4="Aceptada",1,0)
A5: 4 | B5: Sandra Contreras | C5: Grupo focal de reconocimiento | D5: World Vision | E5: Expertos en la temática | F5: Nacional | G5: APOYO | H5: Sí | I5: 9-Apr | J5: 6-May | L5: Sin respuesta | O5: Grupo focal 2 | Q5: =IF(H5="Sí",1,0) | R5: =IF(L5="En coordinación",1,0) | S5: 1 | T5: =IF(N5="Sí",1,0) | U5: =IF(L5="Aceptada",1,0)
A6: 5 | B6: Silvia Romero Borda | C6: Grupo focal de reconocimiento | D6: GIZ | E6: Expertos en la temática | F6: Nacional | G6: IJM | H6: Sí | I6: 4/27/2026 | J6: 12-May | K6: 14-May | L6: Aceptada | M6: 11-May | N6: No | O6: Grupo focal 1 | Q6: =IF(H6="Sí",1,0) | R6: =IF(L6="En coordinación",1,0) | S6: 1 | T6: =IF(N6="Sí",1,0) | U6: =IF(L6="Aceptada",1,0)
A7: 6 | B7: Sandy Martinez | D7: GIZ | L7: Aceptada | M7: 20-May | N7: Sí | Q7: =IF(H7="Sí",1,0) | R7: =IF(L7="En coordinación",1,0) | S7: 1 | T7: =IF(N7="Sí",1,0) | U7: =IF(L7="Aceptada",1,0)
A8: 7 | B8: Lissette Tobar | C8: Grupo focal de reconocimiento | D8: Fundación Arbol de la Vida | E8: Expertos en la temática | F8: Distrito Judicial: Ucayali | G8: IJM | H8: Sí | I8: 4/27/2026 | J8: 6-May | K8: 15-May | L8: Sin respuesta | O8: Grupo focal 2 | Q8: =IF(H8="Sí",1,0) | R8: =IF(L8="En coordinación",1,0) | S8: 1 | T8: =IF(N8="Sí",1,0) | U8: =IF(L8="Aceptada",1,0)
A9: 8 | B9: Jenny Dador | C9: Grupo focal de reconocimiento | D9: Coordinadora de Derechos Humanos | E9: Expertos en la temática | F9: Distrito Judicial: Lima Este | G9: APOYO | H9: Sí | I9: 29-Apr | J9: 6-May | K9: 14-May | L9: Sin respuesta | O9: Grupo focal 1 | Q9: =IF(H9="Sí",1,0) | R9: =IF(L9="En coordinación",1,0) | S9: 1 | T9: =IF(N9="Sí",1,0) | U9: =IF(L9="Aceptada",1,0)
A10: 9 | B10: Oscar Andrés Alva Arías | C10: Grupo focal de reconocimiento | D10: Ministerio de la Mujer | E10: Actores locales | F10: Nacional | G10: IJM | H10: Sí | I10: 4/27/2026 | L10: Aceptada | M10: 20-May | N10: Sí | O10: Grupo focal 2 | Q10: =IF(H10="Sí",1,0) | R10: =IF(L10="En coordinación",1,0) | S10: 1 | T10: =IF(N10="Sí",1,0) | U10: =IF(L10="Aceptada",1,0)
A11: 10 | B11: Gloria Cano | C11: Grupo focal de reconocimiento | D11: Asociación Pro Derechos Humanos (APRODEH) | E11: Actores locales | F11: Nacional | G11: APOYO | H11: Sí | I11: 29-Apr | J11: 6-May | L11: Sin respuesta | O11: Grupo focal 1 | Q11: =IF(H11="Sí",1,0) | R11: =IF(L11="En coordinación",1,0) | S11: 1 | T11: =IF(N11="Sí",1,0) | U11: =IF(L11="Aceptada",1,0)
A12: 11 | B12: Maria Elena Bazan Ponce de Leon | C12: Grupo focal de reconocimiento | D12: Centros de Acogida Residencial | E12: Actores locales | F12: Distrito Judicial: Lima Norte | G12: APOYO | H12: Sí | I12: 29-Apr | J12: 6-May | K12: 8-May | L12: Sin respuesta | O12: Grupo focal 2 | Q12: =IF(H12="Sí",1,0) | R12: =IF(L12="En coordinación",1,0) | S12: 1 | T12: =IF(N12="Sí",1,0) | U12: =IF(L12="Aceptada",1,0)
A13: 12 | B13: Sara Estela Rivera Almerco | C13: Grupo focal de reconocimiento | D13: Centros de Acogida Residencial | E13: Actores locales | F13: Distrito Judicial: Huánuco | G13: APOYO | H13: Sí | I13: 29-Apr | J13: 6-May | K13: 8-May | L13: Sin respuesta | O13: Grupo focal 1 | Q13: =IF(H13="Sí",1,0) | R13: =IF(L13="En coordinación",1,0) | S13: 1 | T13: =IF(N13="Sí",1,0) | U13: =IF(L13="Aceptada",1,0)
A14: 13 | B14: Soledad Chavez Bedoya | C14: Grupo focal de reconocimiento | D14: Centros de Acogida Residencial | E14: Actores locales | F14: Distrito Judicial: Lima | G14: APOYO | H14: No | I14: 8-May | J14: 12-May | K14: 15-May | L14: Sin respuesta | O14: Grupo focal 2 | Q14: =IF(H14="Sí",1,0) | R14: =IF(L14="En coordinación",1,0) | S14: 1 | T14: =IF(N14="Sí",1,0) | U14: =IF(L14="Aceptada",1,0)
A15: 14 | B15: Silvia Arteaga | C15: Grupo focal de reconocimiento | D15: Centros de Acogida Residencial | E15: Actores locales | F15: Distrito Judicial: Lima Este | G15: APOYO | H15: Sí | I15: 29-Apr | J15: 6-May | K15: 8-May | L15: Aceptada | M15: 20-May | O15: Grupo focal 2 | Q15: =IF(H15="Sí",1,0) | R15: =IF(L15="En coordinación",1,0) | S15: 1 | T15: =IF(N15="Sí",1,0) | U15: =IF(L15="Aceptada",1,0)
A16: 15 | B16: Karolina | C16: Grupo focal de reconocimiento | D16: Centros de Acogida Residencial | E16: Actores locales | F16: Distrito Judicial: Lima Este | G16: APOYO | H16: Sí | I16: 11-May | L16: Aceptada | M16: 20-May | O16: Grupo focal 2 | Q16: =IF(H16="Sí",1,0) | R16: =IF(L16="En coordinación",1,0) | S16: 1 | T16: =IF(N16="Sí",1,0) | U16: =IF(L16="Aceptada",1,0)
A17: 16 | B17: Carol Tremont | C17: Grupo focal de reconocimiento | D17: Asociación Protección Población Vulnerable | E17: Actores locales | F17: Distrito Judicial: Lima | G17: APOYO | H17: Sí | I17: 29-Apr | J17: 6-May | L17: Sin respuesta | O17: Grupo focal 2 | Q17: =IF(H17="Sí",1,0) | R17: =IF(L17="En coordinación",1,0) | S17: 1 | T17: =IF(N17="Sí",1,0) | U17: =IF(L17="Aceptada",1,0)
A18: 17 | B18: Intikilla Eutropía Delgado Castro | C18: Grupo focal de reconocimiento | D18: Asociación Kallpa | E18: Actores locales | F18: Distrito Judicial: Ayacucho | G18: APOYO | H18: Sí | I18: 29-Apr | J18: 6-May | K18: 8-May | L18: Sin respuesta | O18: Grupo focal 1 | Q18: =IF(H18="Sí",1,0) | R18: =IF(L18="En coordinación",1,0) | S18: 1 | T18: =IF(N18="Sí",1,0) | U18: =IF(L18="Aceptada",1,0)
A19: 18 | B19: Rosario Cosar | C19: Grupo focal de reconocimiento | D19: Asociación Kallpa | E19: Actores locales | F19: Nacional | G19: APOYO | H19: Sí | I19: 29-Apr | J19: 6-May | K19: 8-May | L19: Sin respuesta | O19: Grupo focal 2 | Q19: =IF(H19="Sí",1,0) | R19: =IF(L19="En coordinación",1,0) | S19: 1 | T19: =IF(N19="Sí",1,0) | U19: =IF(L19="Aceptada",1,0)
A20: 19 | B20: Lourdes Febres | C20: Grupo focal de reconocimiento | D20: Acción por los niños | E20: Actores locales | F20: Distrito Judicial: Cajamarca | G20: APOYO | H20: Sí | I20: 29-Apr | J20: 6-May | L20: Aceptada | M20: 20-May | N20: Sí | O20: Grupo focal 2 | Q20: =IF(H20="Sí",1,0) | R20: =IF(L20="En coordinación",1,0) | S20: 1 | T20: =IF(N20="Sí",1,0) | U20: =IF(L20="Aceptada",1,0)
A21: 20 | B21: Magaly Blas | C21: Grupo focal de reconocimiento | D21: Colegio Médico del Perú | E21: Actores locales | F21: Distrito Judicial: Lima Norte | G21: APOYO | H21: Sí | I21: 29-Apr | J21: 6-May | L21: Sin respuesta | O21: Grupo focal 2 | Q21: =IF(H21="Sí",1,0) | R21: =IF(L21="En coordinación",1,0) | S21: 1 | T21: =IF(N21="Sí",1,0) | U21: =IF(L21="Aceptada",1,0)
A22: 21 | B22: Gabriela Osco Chuquizuta | C22: Grupo focal de reconocimiento | D22: Red Interquorum | E22: Actores locales | F22: Nacional | G22: APOYO | H22: Sí | I22: 29-Apr | J22: 6-May | L22: Sin respuesta | O22: Grupo focal 1 | Q22: =IF(H22="Sí",1,0) | R22: =IF(L22="En coordinación",1,0) | S22: 1 | T22: =IF(N22="Sí",1,0) | U22: =IF(L22="Aceptada",1,0)
A23: 22 | B23: Inés Agresott | C23: Grupo focal de reconocimiento | D23: Mujeres Migrantes Maltratadas | E23: Actores locales | F23: Nacional | G23: APOYO | H23: Sí | I23: 29-Apr | J23: 6-May | L23: Sin respuesta | O23: Grupo focal 2 | Q23: =IF(H23="Sí",1,0) | R23: =IF(L23="En coordinación",1,0) | S23: 1 | T23: =IF(N23="Sí",1,0) | U23: =IF(L23="Aceptada",1,0)
A24: 23 | B24: Arlette Contreras | C24: Grupo focal de reconocimiento | D24: Ni una menos | E24: Actores locales | F24: Distrito Judicial: Cusco | G24: APOYO | H24: Sí | I24: 29-Apr | J24: 6-May | L24: Sin respuesta | O24: Grupo focal 1 | Q24: =IF(H24="Sí",1,0) | R24: =IF(L24="En coordinación",1,0) | S24: 1 | T24: =IF(N24="Sí",1,0) | U24: =IF(L24="Aceptada",1,0)
A25: 24 | B25: Sandy Evangelista | C25: Grupo focal de reconocimiento | D25: Familias Unidas Por Justicia: Familiares de Víctimas de Feminicidio | E25: Actores locales | F25: Distrito Judicial: Amazonas | G25: APOYO | H25: Sí | I25: 29-Apr | L25: Aceptada | M25: 20-May | N25: Sí | O25: Grupo focal 2 | Q25: =IF(H25="Sí",1,0) | R25: =IF(L25="En coordinación",1,0) | S25: 1 | T25: =IF(N25="Sí",1,0) | U25: =IF(L25="Aceptada",1,0)
A26: 25 | B26: Victoria Pomalaya Trillo | C26: Grupo focal de reconocimiento | D26: Ministerio Público (Fiscalía) | E26: Funcionarios del Sistema | F26: Distrito Judicial: Ayacucho | G26: IJM | H26: Sí | I26: 4/27/2026 | J26: 6-May | L26: Aceptada | M26: 11-May | N26: Sí | O26: Grupo focal 1 | Q26: =IF(H26="Sí",1,0) | R26: =IF(L26="En coordinación",1,0) | S26: 1 | T26: =IF(N26="Sí",1,0) | U26: =IF(L26="Aceptada",1,0)
A27: 26 | B27: Ulises Requejo | C27: Grupo focal de reconocimiento | D27: Ministerio Público (Fiscalía) | E27: Funcionarios del Sistema | F27: Distrito Judicial: Ayacucho | H27: Sí | I27: 5/7/2026 | J27: 8-May | L27: Aceptada | M27: 20-May | O27: Grupo focal 2 | Q27: =IF(H27="Sí",1,0) | R27: =IF(L27="En coordinación",1,0) | S27: 1 | T27: =IF(N27="Sí",1,0) | U27: =IF(L27="Aceptada",1,0)
A28: 27 | B28: Norma Rojas | C28: Grupo focal de reconocimiento | D28: Ministerio del Interior | E28: Funcionarios del Sistema | F28: Distrito Judicial: Apurímac | G28: IJM | H28: Sí | I28: 4/27/2026 | L28: Rechazada | O28: Grupo focal 2 | Q28: =IF(H28="Sí",1,0) | R28: =IF(L28="En coordinación",1,0) | S28: 1 | T28: =IF(N28="Sí",1,0) | U28: =IF(L28="Aceptada",1,0)
A29: 28 | B29: Angel Grimaldo Palacios Trujillo | C29: Grupo focal de reconocimiento | D29: Centros de Emergencia Mujer | E29: Acompañantes | F29: Distrito Judicial: Ucayali | G29: IJM | H29: Sí | I29: 4/27/2026 | J29: 6-May | L29: Sin respuesta | O29: Grupo focal 1 | Q29: =IF(H29="Sí",1,0) | R29: =IF(L29="En coordinación",1,0) | S29: 1 | T29: =IF(N29="Sí",1,0) | U29: =IF(L29="Aceptada",1,0)
