Workbook

Sheet Kobo
A1: start | B1: end | C1: today | D1: Nombre_revisor | E1: Organización_revisor | F1: Posición_revisor | G1: Fecha_revisión | H1: Código | I1: Distrito_Judicial | J1: Denuncias_6meses | K1: Total_sentencia_final | L1: Tipo_Delito | M1: Delito_especifique | N1: Fecha_Inicio_Hecho | O1: Día_Inicio_Hecho | P1: Mes_Inicio_Hecho | Q1: Año_Inicio_Hecho | R1: Fecha_Fin_Hecho | S1: Día_Fin_Hecho | T1: Mes_Fin_Hecho | U1: Año_Fin_Hecho | V1: Numero_Victimas | W1: Total_sobrevivientes | X1: Numero_Agresores | Y1: Etapa_Caso | Z1: Arrestos_Caso | AA1: Arrestos_No_Acusados | AB1: Fecha_Denuncia | AC1: Día_Denuncia | AD1: Mes_Denuncia | AE1: Año_Denuncia | AF1: Entidad_Receptora | AG1: Caso_Denunciado | AH1: Desestimacion | AI1: Agresor_arrestro_flagrancia | AJ1: Medidas_Cautelares | AK1: Medidas_Proteccion | AL1: Fecha_Inicio_Medidas_Protecci_n | AM1: D_a_Inicio_Medidas_Protecci_n | AN1: Mes_Inicio_Medidas_Protecci_n | AO1: A_o_Inicio_Medidas_Protecci_n | AP1: Estado_Medidas_Proteccion | AQ1: D_a_fin_Medidas_Protecci_n | AR1: Mes_fin_Medidas_Protecci_n | AS1: A_o_fin_Medidas_Protecci_n | AT1: Tipo_Medida_Protección | AU1: Tipo_Medida_Protección/(1) | AV1: Tipo_Medida_Protección/(2) | AW1: Tipo_Medida_Protección/(3) | AX1: Tipo_Medida_Protección/(4) | AY1: Tipo_Medida_Protección/(5) | AZ1: Tipo_Medida_Protección/(6) | BA1: Tipo_Medida_Protección/(7) | BB1: Tipo_Medida_Protección/(8) | BC1: Tipo_Medida_Protección/(9) | BD1: Tipo_Medida_Protección/(10) | BE1: Tipo_Medida_Protección/(11) | BF1: Tipo_Medida_Protección/(12) | BG1: Tipo_Medida_Protección/(99) | BH1: Fecha_Inicio_Investigacion | BI1: Día_Inicio_Investigacion | BJ1: Mes_Inicio_Investigacion | BK1: Año_Inicio_Investigacion | BL1: Fecha_Fin_Investigacion | BM1: Día_Fin_Investigacion | BN1: Mes_Fin_Investigacion | BO1: Año_Fin_Investigacion | BP1: Estado_Final_Investigacion | BQ1: Solicitud_Aplazamiento | BR1: Tiempo_Aplazamiento | BS1: Caso_Completo_Investigacion | BT1: Declaracion_Victima | BU1: Declaraciones_Testigos | BV1: Declaraciones_Sospechosos | BW1: Declaración_Persona_Agresora | BX1: Declaración_Clave | BY1: Informe_Pericial_Existente | BZ1: Prueba_Material | CA1: Prueba_Pericial_1 | CB1: Prueba_Pericial_2 | CC1: Prueba_Pericial_Otros | CD1: Prueba_Pericial_Especificar | CE1: Análisis_Forense_Oportuno | CF1: Evidencia_Dentro_Ley | CG1: Evidencia_Documentada | CH1: Circunstancias_Mitigantes | CI1: Lineas_Investigacion_Completas | CJ1: Criterio_Valoración_Declaraciónvíctima | CK1: Criterio_Valoración_Declaraciónvíctima_Violenciasexual | CL1: Casos_Con_Detencion_Preliminar | CM1: Acusados_Con_Detencion_Preliminar | CN1: Acusados_Formales | CO1: Fecha_Inicio_Intermedia | CP1: Día_Inicio_Intermedia | CQ1: Mes_Inicio_Intermedia | CR1: Año_Inicio_Intermedia | CS1: Fecha_Fin_Intermedia | CT1: Día_Fin_Intermedia | CU1: Mes_Fin_Intermedia | CV1: Año_Fin_Intermedia | CW1: Acusados_Prision_Preventiva | CX1: Casos_Con_Proceso_Legal | CY1: Estado_Final_Etapa_Intermedia | CZ1: Fecha_Inicio_Juzgamiento | DA1: Día_Inicio_Juzgamiento | DB1: Mes_Inicio_Juzgamiento | DC1: Año_Inicio_Juzgamiento | DD1: Fecha_Sentencia | DE1: Día_Sentencia | DF1: Mes_Sentencia | DG1: Año_Sentencia | DH1: Culpabilidad | DI1: Audiencias | DJ1: Audiencias_Canceladas | DK1: Resultado_Sentencia | DL1: Acusados_Condenados | DM1: Recurso_Apelacion | DN1: Fecha_Inicio_Apelación | DO1: Día_Inicio_Apelación | DP1: Mes_Inicio_Apelación | DQ1: Año_Inicio_Apelación | DR1: Fecha_Sentencia_Apelación | DS1: Día_Sentencia_Apelación | DT1: Mes_Sentencia_Apelación | DU1: Año_Sentencia_Apelación | DV1: Resultado_Sentencia_Apelación | DW1: Condena_Revocada | DX1: Entidad_Acompañamiento_Víctima | DY1: Seguimiento_actualizacion_medidas | DZ1: Acta_Nuevo_Codigo_Procesal_Penal | EA1: Acta_Llenada | EB1: Ficha_24horas | EC1: Ficha_Completa | ED1: Cadena_Custodia_Documentada | EE1: Sentencia_Medidas_Protección | EF1: Informe_Respaldado_Seguimiento | EG1: Informe_Plan_Seguimiento | EH1: Participo_denuncia_investigación | EI1: Ficha_riesgo_investigación | EJ1: Declaro_victima_investigación | EK1: Derivacion_iml_investigación | EL1: Abogado_activo_investigación | EM1: Participacion_completa_investigación | EN1: Declaro_victima_legal | EO1: Derivacion_iml_legal | EP1: Abogado_activo_legal | EQ1: Participacion_completa_legal | ER1: Participacion_completa_cuidados | ES1: Tiempo_Medidas_Proteccion | ET1: Tiempo_Investigacion_Dias | EU1: Tiempo_Etapaintermedia_Dias | EV1: Días_Denuncia_Sentencia | EW1: Tiempo_Sentencia_Dias | EX1: Tiempo_Sentencia_Apelación_Dias | EY1: _id | EZ1: _uuid | FA1: _submission_time | FB1: _validation_status | FC1: _notes | FD1: _status | FE1: _submitted_by | FF1: __version__ | FG1: _tags | FH1: meta/rootUuid | FI1: _index
A2: 46086.394 | B2: 46092.733 | C2: 46085 | D2: Mayra Sánchez Hinojosa | E2: Apoyo | F2: Consultora | G2: 46086 | H2: 02800-2023-0-2402-JR-PE-03 | I2: Ucayali | J2: 0 | K2: 99 | L2: Violencia sexual | O2: 31 | P2: Jan | Q2: 2023 | S2: 31 | T2: Jan | U2: 2023 | V2: 1 | W2: 1 | X2: 1 | Y2: (5) | Z2: 1 | AA2: 0 | AC2: 9 | AD2: Feb | AE2: 2023 | AF2: (1) | AG2: 1 | AH2: 0 | AI2: 0 | AJ2: 99 | AK2: 99 | BI2: 999 | BJ2: 999 | BK2: 2023 | BM2: 1 | BN2: Mar | BO2: 2024 | BP2: (2) | BQ2: 0 | BS2: 1 | BT2: 1 | BU2: 1 | BV2: 1 | BW2: 1 | BX2: 1 | BY2: 1 | BZ2: 0 | CA2: 1 | CB2: 0 | CC2: 0 | CE2: 1 | CF2: 99 | CG2: 99 | CH2: 1 | CI2: 1 | CJ2: (99) | CK2: (99) | CL2: 1 | CM2: 1 | CN2: 1 | CP2: 1 | CQ2: Mar | CR2: 2023 | CT2: 19 | CU2: Aug | CV2: 2024 | CW2: 0 | CX2: 1 | CY2: 1 | DA2: 26 | DB2: Dec | DC2: 2024 | DE2: 999 | DF2: 999 | DG2: 999 | DH2: 99 | DI2: 7 | DJ2: 7 | DK2: (3) | DL2: 7 | DM2: 99 | DX2: (4) | DY2: (99) | DZ2: 1 | EA2: 99 | EB2: 99 | EC2: 99 | ED2: 1 | EE2: 99 | EF2: 99 | EG2: 99 | EH2: (2) | EI2: 99 | EJ2: 1 | EK2: 1 | EL2: 1 | EM2: 1 | EN2: 1 | EO2: 1 | EP2: 1 | EQ2: 1 | ER2: (2) | EY2: 687421158 | EZ2: 250e134b-3375-40fe-8c20-5f239f6a6f76 | FA2: 46086.664 | FD2: submitted_via_web | FF2: vqrarsEugcUgCpddhNZrYT | FH2: uuid:ba10fcbd-427f-4e84-aaba-94f2e22d8573 | FI2: 1
A3: 46086.456 | B3: 46092.733 | C3: 46085 | D3: Mayra Sánchez Hinojosa | E3: Apoyo | F3: Consultora | G3: 46086 | H3: 01552-2022-8-0701-JR-PE-03 | I3: Callao | J3: 0 | K3: 0 | L3: Violencia física | O3: 13 | P3: Jun | Q3: 2021 | S3: 13 | T3: Jun | U3: 2021 | V3: 1 | W3: 1 | X3: 1 | Y3: (7) | Z3: 0 | AA3: 0 | AC3: 15 | AD3: Jun | AE3: 2021 | AF3: (2) | AG3: 1 | AH3: 0 | AI3: 0 | AJ3: 0 | AK3: 1 | AM3: 17 | AN3: Jun | AO3: 2021 | AP3: (99) | AQ3: 999 | AR3: 999 | AS3: 999 | AT3: (1) (2) (10) (12) | BI3: 21 | BJ3: Sep | BK3: 2021 | BM3: 27 | BN3: Oct | BO3: 2022 | BP3: (2) | BQ3: 1 | BR3: 120 | BS3: 1 | BT3: 1 | BU3: 1 | BV3: 1 | BW3: 1 | BX3: 1 | BY3: 1 | BZ3: 0 | CA3: 1 | CB3: 1 | CC3: 0 | CE3: 1 | CF3: 99 | CG3: 99 | CH3: 99 | CI3: 1 | CJ3: (3) | CK3: (99) | CL3: 0 | CM3: 0 | CN3: 1 | CP3: 9 | CQ3: Nov | CR3: 2022 | CT3: 3 | CU3: Feb | CV3: 2023 | CW3: 0 | CX3: 1 | CY3: 1 | DA3: 999 | DB3: 999 | DC3: 999 | DE3: 18 | DF3: Oct | DG3: 2023 | DH3: 0 | DI3: 7 | DJ3: 7 | DK3: (1) | DL3: 1 | DM3: 99 | DX3: (2) | DY3: (99) | DZ3: 1 | EA3: 0 | EB3: 1 | EC3: 1 | ED3: 1 | EE3: 1 | EF3: 0 | EG3: 0 | EH3: (1) | EI3: 1 | EJ3: 1 | EK3: 1 | EL3: 1 | EM3: 1 | EN3: 1 | EO3: 1 | EP3: 1 | EQ3: 1 | ER3: (99) | EY3: 687484166 | EZ3: 40da4763-aa4f-47d4-8740-18fd00da2855 | FA3: 46086.719 | FD3: submitted_via_web | FF3: vqrarsEugcUgCpddhNZrYT | FH3: uuid:0ee640fc-8310-4735-8462-08c8946a5a4c | FI3: 2
A4: 46086.51 | B4: 46092.74 | C4: 46085 | D4: Mayra Sanchez Hinojosa | E4: Apoyo | F4: Consultora | G4: 46086 | H4: 00075-2023-32-0701-JR-PE-01 | I4: Callao | J4: 0 | K4: 0 | L4: Violencia sexual | O4: 2 | P4: Jan | Q4: 2023 | S4: 2 | T4: Jan | U4: 2023 | V4: 1 | W4: 1 | X4: 2 | Y4: (6) | Z4: 1 | AA4: 0 | AC4: 2 | AD4: Jan | AE4: 2023 | AF4: (2) | AG4: 1 | AH4: 0 | AI4: 0 | AJ4: 99 | AK4: 99 | BI4: 4 | BJ4: Jan | BK4: 2023 | BM4: 28 | BN4: Sep | BO4: 2023 | BP4: (2) | BQ4: 1 | BR4: 60 | BS4: 1 | BT4: 1 | BU4: 1 | BV4: 1 | BW4: 1 | BX4: 1 | BY4: 1 | BZ4: 0 | CA4: 1 | CB4: 1 | CC4: 0 | CE4: 1 | CF4: 1 | CG4: 1 | CH4: 0 | CI4: 1 | CJ4: (3) | CK4: (3) | CL4: 1 | CM4: 1 | CN4: 2 | CP4: 28 | CQ4: Sep | CR4: 2023 | CT4: 30 | CU4: Nov | CV4: 2023 | CW4: 1 | CX4: 1 | CY4: 1 | DA4: 30 | DB4: Nov | DC4: 2023 | DE4: 8 | DF4: Jan | DG4: 2024 | DH4: 0 | DI4: 7 | DJ4: 7 | DK4: (1) | DL4: 1 | DM4: 1 | DO4: 19 | DP4: Jan | DQ4: 2024 | DS4: 999 | DT4: 999 | DU4: 999 | DV4: (3) | DW4: 99 | DX4: (1) | DY4: (99) | DZ4: 1 | EA4: 1 | EB4: 1 | EC4: 99 | ED4: 1 | EE4: 99 | EF4: 99 | EG4: 99 | EH4: (2) | EI4: 1 | EJ4: 1 | EK4: 1 | EL4: 1 | EM4: 1 | EN4: 1 | EO4: 1 | EP4: 1 | EQ4: 1 | ER4: (2) | EY4: 687598305 | EZ4: 43260ed3-1dfb-44f0-a499-e75f3f94de79 | FA4: 46086.87 | FD4: submitted_via_web | FF4: vL7DQzFjwrSWoxPu4tAtN7 | FH4: uuid:d1e219ff-53a5-4932-b518-d55bcaccc2f6 | FI4: 3
A5: 46088.804 | B5: 46093.498 | C5: 46087 | D5: Pamelhy Valle | E5: Apoyo | F5: Consultora | G5: 46087 | H5: 00440-2019-16-1007-JR-PE-01 | I5: Cusco | J5: 0 | K5: 1 | L5: Violencia sexual | O5: 999 | P5: Mar | Q5: 2017 | S5: 999 | T5: Mar | U5: 2018 | V5: 1 | W5: 1 | X5: 1 | Y5: (5) | Z5: 0 | AA5: 0 | AC5: 11 | AD5: Mar | AE5: 2019 | AF5: (4) | AG5: 1 | AH5: 1 | AI5: 0 | AJ5: 99 | AK5: 99 | BI5: 10 | BJ5: Dec | BK5: 2018 | BM5: 7 | BN5: Jun | BO5: 2022 | BP5: (2) | BQ5: 1 | BR5: 90 | BS5: 1 | BT5: 1 | BU5: 1 | BV5: 1 | BW5: 1 | BX5: 1 | BY5: 1 | BZ5: 99 | CA5: 1 | CB5: 1 | CC5: 1 | CD5: pericia psicosomática a la víctima, pericia antropológica forense a la víctima | CE5: 99 | CF5: 0 | CG5: 99 | CH5: 99 | CI5: 0 | CJ5: (2) | CK5: (3) | CL5: 0 | CM5: 0 | CN5: 1 | CP5: 25 | CQ5: Apr | CR5: 2022 | CT5: 7 | CU5: Jun | CV5: 2022 | CW5: 0 | CX5: 1 | CY5: 1 | DA5: 22 | DB5: Oct | DC5: 2024 | DE5: 26 | DF5: Mar | DG5: 2025 | DH5: 0 | DI5: 6 | DJ5: 6 | DK5: (2) | DL5: 7 | DM5: 99 | DX5: (2) | DY5: (99) | DZ5: 1 | EA5: 1 | EB5: 99 | EC5: 99 | ED5: 0 | EE5: 99 | EF5: 0 | EG5: 99 | EH5: (0) | EI5: 99 | EJ5: 1 | EK5: 1 | EL5: 99 | EM5: 99 | EN5: 0 | EO5: 0 | EP5: 1 | EQ5: 0 | ER5: (99) | EY5: 689385171 | EZ5: c342132a-db87-4fdd-9ebc-b030951ef0b9 | FA5: 46089.05 | FD5: submitted_via_web | FF5: vL7DQzFjwrSWoxPu4tAtN7 | FH5: uuid:2bc6668a-f952-411e-b2af-c378f6134cf8 | FI5: 4
A6: 46088.886 | B6: 46093.552 | C6: 46087 | D6: Pamelhy Valle | E6: Apoyo | F6: Consultora | G6: 46088 | H6: 01654-2023-58-0701-JR-PE-01 | I6: Callao | J6: 0 | K6: 0 | L6: Violencia sexual | O6: 17 | P6: May | Q6: 2019 | S6: 17 | T6: May | U6: 2019 | V6: 1 | W6: 1 | X6: 1 | Y6: (4) | Z6: 1 | AA6: 0 | AC6: 19 | AD6: May | AE6: 2019 | AF6: (2) | AG6: 1 | AH6: 0 | AI6: 1 | AJ6: 99 | AK6: 99 | BI6: 15 | BJ6: Oct | BK6: 2023 | BM6: 1 | BN6: Feb | BO6: 2024 | BP6: (2) | BQ6: 1 | BR6: 63 | BS6: 1 | BT6: 1 | BU6: 1 | BV6: 1 | BW6: 1 | BX6: 1 | BY6: 1 | BZ6: 1 | CA6: 1 | CB6: 1 | CC6: 99 | CE6: 99 | CF6: 99 | CG6: 99 | CH6: 99 | CI6: 1 | CJ6: (99) | CK6: (99) | CL6: 1 | CM6: 1 | CN6: 1 | CP6: 22 | CQ6: Nov | CR6: 2023 | CT6: 999 | CU6: 999 | CV6: 999 | CW6: 0 | CX6: 0 | CY6: (2) | DX6: (2) | DY6: (99) | DZ6: 1 | EA6: 1 | EB6: 99 | EC6: 99 | ED6: 1 | EE6: 99 | EF6: 99 | EG6: 99 | EH6: (2) | EI6: 99 | EJ6: 1 | EK6: 1 | EL6: 1 | EM6: 1 | EN6: 99 | EO6: 99 | EP6: 99 | EQ6: 99 | ER6: (99) | EY6: 689414180 | EZ6: d5e5895d-76ba-46bd-b453-7c36a72f1135 | FA6: 46089.132 | FD6: submitted_via_web | FF6: vL7DQzFjwrSWoxPu4tAtN7 | FH6: uuid:fb0262ce-494d-4deb-84d9-880db8d97020 | FI6: 5
A7: 46088.928 | B7: 46093.524 | C7: 46087 | D7: Pamelhy Valle | E7: Apoyo | F7: Consultora | G7: 46088 | H7: 02800-2023-95-2402-JR-PE-03 | I7: Ucayali | J7: 0 | K7: 0 | L7: Violencia sexual | O7: 31 | P7: Jan | Q7: 2023 | S7: 31 | T7: Jan | U7: 2023 | V7: 1 | W7: 1 | X7: 1 | Y7: (5) | Z7: 0 | AA7: 0 | AC7: 9 | AD7: Feb | AE7: 2023 | AF7: (1) | AG7: 1 | AH7: 0 | AI7: 0 | AJ7: 99 | AK7: 99 | BI7: 13 | BJ7: Feb | BK7: 2023 | BM7: 20 | BN7: Jun | BO7: 2023 | BP7: (2) | BQ7: 1 | BR7: 60 | BS7: 1 | BT7: 1 | BU7: 1 | BV7: 1 | BW7: 1 | BX7: 1 | BY7: 1 | BZ7: 1 | CA7: 1 | CB7: 1 | CC7: 99 | CE7: 0 | CF7: 1 | CG7: 1 | CH7: 0 | CI7: 1 | CJ7: (99) | CK7: (99) | CL7: 0 | CM7: 0 | CN7: 1 | CP7: 4 | CQ7: Mar | CR7: 2024 | CT7: 19 | CU7: Aug | CV7: 2024 | CW7: 0 | CX7: 1 | CY7: 1 | DA7: 26 | DB7: Dec | DC7: 2024 | DE7: 999 | DF7: 999 | DG7: 999 | DH7: 0 | DI7: 7 | DJ7: 1 | DK7: (3) | DL7: 7 | DM7: 99 | DX7: (3) | DY7: (99) | DZ7: 1 | EA7: 1 | EB7: 99 | EC7: 99 | ED7: 1 | EE7: 99 | EF7: 99 | EG7: 99 | EH7: (2) | EI7: 99 | EJ7: 1 | EK7: 1 | EL7: 1 | EM7: 1 | EN7: 0 | EO7: 0 | EP7: 99 | EQ7: 99 | ER7: (99) | EY7: 689431137 | EZ7: dd2cf55d-3c86-4d1e-9ab1-ed0c4c905679 | FA7: 46089.163 | FD7: submitted_via_web | FF7: vL7DQzFjwrSWoxPu4tAtN7 | FH7: uuid:4c49f6ba-7ba7-49ae-89f1-c08da6576533 | FI7: 6
A8: 46088.955 | B8: 46093.548 | C8: 46087 | D8: Pamelhy Valle | E8: Apoyo | F8: Consultora | G8: 46088 | H8: 00432-2023-73-2402-JR-PE-04 | I8: Ucayali | J8: 0 | K8: 0 | L8: Violencia sexual | O8: 999 | P8: Feb | Q8: 2015 | S8: 999 | T8: Feb | U8: 2015 | V8: 1 | W8: 1 | X8: 1 | Y8: (5) | Z8: 0 | AA8: 99 | AC8: 17 | AD8: Apr | AE8: 2022 | AF8: (2) | AG8: 1 | AH8: 0 | AI8: 0 | AJ8: 99 | AK8: 99 | BI8: 18 | BJ8: May | BK8: 2022 | BM8: 28 | BN8: Feb | BO8: 2024 | BP8: (2) | BQ8: 1 | BR8: 60 | BS8: 1 | BT8: 1 | BU8: 1 | BV8: 1 | BW8: 1 | BX8: 1 | BY8: 1 | BZ8: 1 | CA8: 1 | CB8: 1 | CC8: 0 | CE8: 1 | CF8: 1 | CG8: 99 | CH8: 0 | CI8: 1 | CJ8: (99) | CK8: (99) | CL8: 0 | CM8: 0 | CN8: 1 | CP8: 1 | CQ8: Mar | CR8: 2024 | CT8: 12 | CU8: Aug | CV8: 2024 | CW8: 0 | CX8: 1 | CY8: 1 | DA8: 16 | DB8: Oct | DC8: 2024 | DE8: 999 | DF8: 999 | DG8: 999 | DH8: 0 | DI8: 7 | DJ8: 7 | DK8: (3) | DL8: 7 | DM8: 99 | DX8: (3) | DY8: (99) | DZ8: 1 | EA8: 1 | EB8: 99 | EC8: 99 | ED8: 0 | EE8: 0 | EF8: 99 | EG8: 99 | EH8: (2) | EI8: 99 | EJ8: 1 | EK8: 1 | EL8: 1 | EM8: 1 | EN8: 0 | EO8: 0 | EP8: 99 | EQ8: 99 | ER8: (99) | EY8: 689449626 | EZ8: 53dd7e6c-08e5-4389-a998-713fc163a411 | FA8: 46089.198 | FD8: submitted_via_web | FF8: vL7DQzFjwrSWoxPu4tAtN7 | FH8: uuid:74903673-0e02-4664-92a5-fb975bf59067 | FI8: 7

Sheet Insumos>>>

Sheet Dashboard
A1: Código | B1: start | C1: _submission_time | D1: Fecha-Inicio | E1: Hora-Inicio | F1: Fecha-fin | G1: Hora-Fin | H1: Duración | I1: Minutos | J1: Revisor | K1: Distrito Judicial | L1: Tipo | M1: Contador
A2: {=+Kobo!H2:H8} -> 02800-2023-0-2402-JR-PE-03 | B2: {=+Kobo!A2:A8} -> 46086.394 | C2: {=+Kobo!FA2:FA8} -> 46086.664 | D2: =INT(B2) -> 46086 | E2: =B2-INT(B2) -> 0.39392042 | F2: =INT(C2) -> 46086 | G2: =C2-INT(C2) -> 0.6644213 | H2: =+C2-B2 -> 0.27050088 | I2: =H2*1440 -> 389.52127 | J2: {=+Kobo!D2:D8} -> Mayra Sánchez Hinojosa | K2: {=+Kobo!I2:I8} -> Ucayali | L2: {=+Kobo!L2:L8} -> Violencia sexual | M2: 1
A3: 01552-2022-8-0701-JR-PE-03 | B3: 46086.456 | C3: 46086.719 | D3: =INT(B3) -> 46086 | E3: =B3-INT(B3) -> 0.45609149 | F3: =INT(C3) -> 46086 | G3: =C3-INT(C3) -> 0.71856481 | H3: =+C3-B3 -> 0.26247332 | I3: =H3*1440 -> 377.96158 | J3: Mayra Sánchez Hinojosa | K3: Callao | L3: Violencia física | M3: =+M2+1 -> 2
A4: 00075-2023-32-0701-JR-PE-01 | B4: 46086.51 | C4: 46086.87 | D4: =INT(B4) -> 46086 | E4: =B4-INT(B4) -> 0.51023331 | F4: =INT(C4) -> 46086 | G4: =C4-INT(C4) -> 0.87009259 | H4: =+C4-B4 -> 0.35985928 | I4: =H4*1440 -> 518.19737 | J4: Mayra Sanchez Hinojosa | K4: Callao | L4: Violencia sexual | M4: =+M3+1 -> 3
A5: 00440-2019-16-1007-JR-PE-01 | B5: 46088.804 | C5: 46089.05 | D5: =INT(B5) -> 46088 | E5: =B5-INT(B5) -> 0.8038437 | F5: =INT(C5) -> 46089 | G5: =C5-INT(C5) -> 0.05005787 | H5: =+C5-B5 -> 0.24621417 | I5: =H5*1440 -> 354.5484 | J5: Pamelhy Valle | K5: Cusco | L5: Violencia sexual | M5: =+M4+1 -> 4
A6: 01654-2023-58-0701-JR-PE-01 | B6: 46088.886 | C6: 46089.132 | D6: =INT(B6) -> 46088 | E6: =B6-INT(B6) -> 0.88587772 | F6: =INT(C6) -> 46089 | G6: =C6-INT(C6) -> 0.13204861 | H6: =+C6-B6 -> 0.24617089 | I6: =H6*1440 -> 354.48608 | J6: Pamelhy Valle | K6: Callao | L6: Violencia sexual | M6: =+M5+1 -> 5
A7: 02800-2023-95-2402-JR-PE-03 | B7: 46088.928 | C7: 46089.163 | D7: =INT(B7) -> 46088 | E7: =B7-INT(B7) -> 0.92754252 | F7: =INT(C7) -> 46089 | G7: =C7-INT(C7) -> 0.16346065 | H7: =+C7-B7 -> 0.23591812 | I7: =H7*1440 -> 339.7221 | J7: Pamelhy Valle | K7: Ucayali | L7: Violencia sexual | M7: =+M6+1 -> 6
A8: 00432-2023-73-2402-JR-PE-04 | B8: 46088.955 | C8: 46089.198 | D8: =INT(B8) -> 46088 | E8: =B8-INT(B8) -> 0.95512655 | F8: =INT(C8) -> 46089 | G8: =C8-INT(C8) -> 0.1975463 | H8: =+C8-B8 -> 0.24241975 | I8: =H8*1440 -> 349.08443 | J8: Pamelhy Valle | K8: Ucayali | L8: Violencia sexual | M8: =+M7+1 -> 7

Sheet Auxiliar
B1: Distrito Judicial | D1: Tipo
A2: (1) | B2: Amazonas | D2: (1) | E2: Violencia sexual
A3: (2) | B3: Áncash | D3: (2) | E3: Violencia física
A4: (3) | B4: Apurímac | D4: (3) | E4: Violencia psicológica
A5: (4) | B5: Arequipa | D5: (4) | E5: Feminicidio
A6: (5) | B6: Ayacucho | D6: (5) | E6: Otros
A7: (6) | B7: Cajamarca | D7: (99) | E7: No disponible
A8: (7) | B8: Callao | D8: 999 | E8: No sabe
A9: (8) | B9: Cañete
A10: (9) | B10: Cusco
A11: (10) | B11: Huancavelica
A12: (11) | B12: Huánuco
A13: (12) | B13: Huaura
A14: (13) | B14: Ica
A15: (14) | B15: Junín
A16: (15) | B16: La Libertad
A17: (16) | B17: Lambayeque
A18: (17) | B18: Lima
A19: (18) | B19: Lima Este
A20: (19) | B20: Lima Norte
... A35: (34) | B35: Ucayali
